id,firstName,lastName,email,gender,jobTitle,skill
1,Kent,Eustes,keustes0@sun.com,Male,VP Product Management,Financial Risk
2,Bernadine,Geist,bgeist1@arizona.edu,Genderfluid,Senior Financial Analyst,NSA-IAM
3,Clair,Vayro,cvayro2@kickstarter.com,Bigender,Compensation Analyst,MMORPG
4,Jo,Tribbeck,jtribbeck3@google.fr,Male,Structural Engineer,NBAP
5,Thornie,Cramer,tcramer4@nih.gov,Male,Programmer II,Microsoft Dynamics
6,Hamish,McClunaghan,hmcclunaghan5@unc.edu,Male,Developer IV,Variable Data Printing
7,Nadya,McCard,nmccard6@ed.gov,Female,Chief Design Engineer,Teaching Writing
8,Jed,Filshin,jfilshin7@dagondesign.com,Male,Clinical Specialist,YSlow
9,Diannne,Bellamy,dbellamy8@bing.com,Non-binary,Help Desk Operator,Amazon VPC
10,Norine,Dobby,ndobby9@prnewswire.com,Female,Data Coordiator,HMO
11,Kelsey,Corner,kcornera@biglobe.ne.jp,Genderqueer,Staff Accountant I,VC#
12,Etti,Karran,ekarranb@typepad.com,Female,Senior Editor,Earth Science
13,Tobias,Imore,timorec@springer.com,Non-binary,Registered Nurse,CVaR
14,Kattie,Bewshire,kbewshired@chron.com,Female,VP Sales,MIS
15,Kippie,Cammidge,kcammidgee@wunderground.com,Male,Research Assistant II,Golf
16,Gavan,Oakeshott,goakeshottf@canalblog.com,Male,Senior Sales Associate,Microsoft Dynamics GP
17,Thatcher,Brimacombe,tbrimacombeg@youtube.com,Male,Structural Analysis Engineer,ETFs
18,Aretha,Strutley,astrutleyh@va.gov,Female,Accountant I,Financial Modeling
19,Erich,Crack,ecracki@indiegogo.com,Polygender,Electrical Engineer,FDA GMP
20,Valentin,Stanluck,vstanluckj@over-blog.com,Male,Civil Engineer,NI Multisim
21,Storm,Shepland,ssheplandk@ftc.gov,Female,VP Product Management,Team Leadership
22,Steffie,Hardage,shardagel@cdc.gov,Female,Editor,Epoxy
23,Lonna,Martinek,lmartinekm@squidoo.com,Female,VP Product Management,High Rise
24,Konstance,Piotrowski,kpiotrowskin@cnn.com,Genderfluid,Systems Administrator IV,Urban Regeneration
25,Corri,Keeley,ckeeleyo@webs.com,Female,Recruiter,GTK
26,Etienne,Darrel,edarrelp@mozilla.org,Male,Design Engineer,New Business Development
27,Leontyne,Case,lcaseq@upenn.edu,Female,Operator,Jingles
28,Vaughn,Haucke,vhaucker@vimeo.com,Male,Office Assistant IV,VPLS
29,Nicola,Farnish,nfarnishs@mozilla.org,Male,Software Test Engineer III,T-SQL
30,Desiree,Spadotto,dspadottot@soundcloud.com,Female,Software Test Engineer II,Ecology
31,Coleen,Barszczewski,cbarszczewskiu@sina.com.cn,Female,Account Representative IV,Eyebrow
32,Derwin,Dunkerk,ddunkerkv@latimes.com,Male,Electrical Engineer,Non-profit Volunteering
33,Nydia,Christley,nchristleyw@cam.ac.uk,Female,Cost Accountant,E-zines
34,Daveta,Cars,dcarsx@yandex.ru,Genderfluid,Research Assistant IV,Literacy
35,Trudi,Saffen,tsaffeny@nbcnews.com,Female,GIS Technical Architect,Internet Yellow Pages
36,Louisette,Krzyzaniak,lkrzyzaniakz@naver.com,Female,Office Assistant IV,OH&amp;S
37,Reggy,Antonescu,rantonescu10@qq.com,Male,Mechanical Systems Engineer,SAP MM Module
38,Karel,Dobbins,kdobbins11@spotify.com,Female,Product Engineer,Hyper-V
39,Michel,Kubacki,mkubacki12@blogtalkradio.com,Female,Staff Accountant I,Sports Medicine
40,Stearn,O'Lagen,solagen13@cloudflare.com,Male,VP Product Management,Attendance Management
41,Odelia,Caseley,ocaseley14@dmoz.org,Female,Nurse Practicioner,History
42,Eugen,Durie,edurie15@deliciousdays.com,Male,Recruiter,Outplacement
43,Sammy,Call,scall16@51.la,Female,Account Coordinator,Abstraction
44,Alvis,Toquet,atoquet17@unesco.org,Male,Graphic Designer,CTIOS
45,Ashlan,Collinette,acollinette18@cnbc.com,Female,Graphic Designer,SDTM
46,Anselm,Siene,asiene19@tripadvisor.com,Male,VP Accounting,CTFL
47,Georgia,Marsland,gmarsland1a@cloudflare.com,Female,Project Manager,Purchasing
48,Hynda,Manston,hmanston1b@dailymail.co.uk,Female,General Manager,User Experience
49,Reinwald,Muncie,rmuncie1c@reuters.com,Male,Product Engineer,NPDES
50,Terry,De Vuyst,tdevuyst1d@webeden.co.uk,Male,Assistant Professor,WCSF
51,Winfield,MacArte,wmacarte1e@si.edu,Male,Web Developer I,Yacht Clubs
52,Lara,Murley,lmurley1f@sciencedirect.com,Female,Tax Accountant,Pneumatics
53,Jasun,Hebblethwaite,jhebblethwaite1g@newyorker.com,Male,Operator,PCS7
54,Ambrose,Koche,akoche1h@accuweather.com,Male,Software Test Engineer I,AES
55,Marge,Stud,mstud1i@seattletimes.com,Female,VP Quality Control,Oceanography
56,Saunder,Jupp,sjupp1j@jimdo.com,Male,Computer Systems Analyst IV,Product Management
57,Genny,Phizackarley,gphizackarley1k@webnode.com,Female,Budget/Accounting Analyst II,OODBMS
58,Ines,Beri,iberi1l@people.com.cn,Female,Database Administrator IV,UCINET
59,Arleen,Baum,abaum1m@list-manage.com,Female,Desktop Support Technician,CDM Coordinator
60,Sybyl,Knipe,sknipe1n@china.com.cn,Female,Statistician II,ODI
61,Jania,Pales,jpales1o@marriott.com,Non-binary,Help Desk Technician,Long-term Care
62,Frazer,Mariette,fmariette1p@theglobeandmail.com,Bigender,Structural Analysis Engineer,Nutrition Education
63,Layton,Wadesworth,lwadesworth1q@myspace.com,Male,Statistician I,PnL
64,Bartholomew,Emmanueli,bemmanueli1r@yolasite.com,Male,Structural Analysis Engineer,GT Strudl
65,Seward,Stormont,sstormont1s@jalbum.net,Male,Associate Professor,Pyrotechnics
66,Del,Sabate,dsabate1t@gravatar.com,Bigender,Software Engineer III,iLife
67,Mal,Bewshea,mbewshea1u@skyrock.com,Male,Geological Engineer,Online Lead Generation
68,Elsie,Blackwood,eblackwood1v@cpanel.net,Non-binary,Account Representative II,Qbasic
69,Missy,Frape,mfrape1w@comcast.net,Female,Office Assistant IV,OLTP
70,Lynett,Durman,ldurman1x@vimeo.com,Female,Actuary,CM Synergy
71,Renelle,Tottie,rtottie1y@newyorker.com,Bigender,Editor,Corporate Governance
72,Inez,Davidovitch,idavidovitch1z@tripod.com,Agender,Accounting Assistant II,Shipping
73,Kelcey,Mapletoft,kmapletoft20@state.tx.us,Polygender,Community Outreach Specialist,FSMS
74,Herby,Putman,hputman21@netscape.com,Male,Recruiting Manager,UPS Shipping
75,Marilin,Etter,metter22@simplemachines.org,Female,Civil Engineer,Data Warehousing
76,Rheba,Spadaro,rspadaro23@ocn.ne.jp,Female,Biostatistician III,CND
77,Sioux,Womack,swomack24@is.gd,Female,Administrative Assistant IV,Microsoft Dynamics ERP
78,Gerek,Lawly,glawly25@sitemeter.com,Male,Staff Scientist,IT Recruitment
79,Larry,Houlson,lhoulson26@shutterfly.com,Male,Social Worker,CDMA 1X
80,Fiann,Windaybank,fwindaybank27@tinyurl.com,Female,VP Marketing,RWA
81,Rianon,Kellett,rkellett28@blogs.com,Female,Systems Administrator II,DMMs
82,Jamill,Bletsor,jbletsor29@1und1.de,Male,Social Worker,Olympic Lifting
83,Gretal,Hawse,ghawse2a@delicious.com,Female,Project Manager,RCSA
84,Gilbertina,Darmody,gdarmody2b@ycombinator.com,Female,Business Systems Development Analyst,Obstetrics
85,Udall,Colles,ucolles2c@nbcnews.com,Agender,Chief Design Engineer,Recognition Awards
86,Ilaire,Colling,icolling2d@miibeian.gov.cn,Male,Payment Adjustment Coordinator,QC Tools
87,Beryl,Lewsley,blewsley2e@umn.edu,Female,Editor,DVI
88,Astrix,Cajkler,acajkler2f@printfriendly.com,Female,Account Executive,JBL
89,Travus,Rodrig,trodrig2g@dailymail.co.uk,Male,Recruiting Manager,Yarn
90,Kendre,Fryman,kfryman2h@buzzfeed.com,Female,Director of Sales,Ultrasound Therapy
91,Cosmo,Astell,castell2i@google.it,Male,Chief Design Engineer,eGaming
92,Pren,McWhorter,pmcwhorter2j@feedburner.com,Male,Desktop Support Technician,RMI
93,Leonidas,Zahor,lzahor2k@usgs.gov,Male,Nurse Practicioner,WTX
94,Rhys,Hatcher,rhatcher2l@stumbleupon.com,Male,Geologist II,HP EVA
95,Lance,Tunny,ltunny2m@php.net,Male,Registered Nurse,FTL
96,Shaw,Leah,sleah2n@japanpost.jp,Male,Community Outreach Specialist,Job Costing
97,Neel,Grzegorczyk,ngrzegorczyk2o@foxnews.com,Male,Business Systems Development Analyst,Black Box Testing
98,Germana,Napolione,gnapolione2p@arizona.edu,Female,VP Marketing,IVUS
99,Gertrudis,Shouler,gshouler2q@unesco.org,Female,Structural Engineer,Oil Analysis
100,Irv,Counsell,icounsell2r@ibm.com,Male,Database Administrator II,XMPP
101,Jeremie,Rumin,jrumin2s@w3.org,Male,Developer III,Flatbed
102,Matilde,Ourtic,mourtic2t@com.com,Female,Media Manager I,International Trade
103,Luigi,Topp,ltopp2u@github.com,Male,Occupational Therapist,Translation
104,Arne,Danilevich,adanilevich2v@posterous.com,Male,Office Assistant IV,Zeolites
105,Frederich,Goodricke,fgoodricke2w@blogtalkradio.com,Male,Media Manager IV,OllyDbg
106,Saundra,Askaw,saskaw2x@java.com,Female,Food Chemist,Ecotect
107,Carrissa,Kynsey,ckynsey2y@geocities.com,Female,Software Test Engineer II,IT Governance
108,Olly,Crosskill,ocrosskill2z@macromedia.com,Male,Information Systems Manager,UK Bribery Act
109,Tessa,Clappison,tclappison30@hatena.ne.jp,Female,Chief Design Engineer,Digital Journalism
110,Garrard,Giff,ggiff31@themeforest.net,Male,Mechanical Systems Engineer,GIS Application
111,Billie,Dewicke,bdewicke32@slate.com,Female,Research Assistant IV,eHealth
112,Lilian,BoHlingolsen,lbohlingolsen33@aol.com,Female,Nurse Practicioner,SBEM
113,Doy,Wemm,dwemm34@trellian.com,Male,Director of Sales,Snoring
114,Sergio,Gokes,sgokes35@springer.com,Male,Physical Therapy Assistant,NMON
115,Jammie,Knowlton,jknowlton36@tripod.com,Female,Junior Executive,Dual Diagnosis
116,Rosemary,Quartley,rquartley37@taobao.com,Female,Occupational Therapist,ASP.NET AJAX
117,Archambault,Obell,aobell38@godaddy.com,Male,VP Accounting,Non-linear Editing
118,Noble,Richardot,nrichardot39@mtv.com,Genderqueer,Occupational Therapist,TTL
119,Averill,Mouth,amouth3a@cmu.edu,Male,Account Executive,Rent to Own
120,Chan,Hulls,chulls3b@china.com.cn,Genderqueer,Sales Representative,Kinetic Typography
121,Pavia,Dace,pdace3c@ebay.co.uk,Female,Senior Developer,Sculpture
122,Dud,Greguoli,dgreguoli3d@quantcast.com,Agender,Quality Control Specialist,YMS
123,Agnes,Eisold,aeisold3e@nifty.com,Female,Recruiter,Childcare
124,Dian,Gibling,dgibling3f@prnewswire.com,Female,Payment Adjustment Coordinator,Jingles
125,Erroll,Aleksandrikin,ealeksandrikin3g@foxnews.com,Male,Marketing Assistant,Brokers
126,Nikkie,Westnage,nwestnage3h@blinklist.com,Female,Associate Professor,Qlogic
127,Laney,Gravatt,lgravatt3i@123-reg.co.uk,Female,Chemical Engineer,RDL
128,Arri,Breakwell,abreakwell3j@vkontakte.ru,Male,Geological Engineer,Gospel
129,Cherilyn,Atcheson,catcheson3k@wikipedia.org,Female,Compensation Analyst,nVision
130,Molli,Nussgen,mnussgen3l@slideshare.net,Non-binary,Internal Auditor,OLAP Cube Studio
131,Estella,Pynner,epynner3m@pinterest.com,Female,Desktop Support Technician,Myriad
132,Arlene,Reame,areame3n@reverbnation.com,Female,VP Accounting,TJC
133,Grenville,Burdas,gburdas3o@fema.gov,Male,General Manager,JCT
134,Thacher,Shirrell,tshirrell3p@homestead.com,Male,Librarian,CBP
135,Justen,Copnall,jcopnall3q@dion.ne.jp,Male,Software Consultant,Quality Auditing
136,Alejandrina,McIlvenna,amcilvenna3r@wunderground.com,Female,Analyst Programmer,Sports Writing
137,Bennie,Cleeves,bcleeves3s@intel.com,Male,Tax Accountant,Zymography
138,Bert,Tsar,btsar3t@time.com,Male,Structural Engineer,People-oriented
139,Emilia,Borg-Bartolo,eborgbartolo3u@ovh.net,Female,Help Desk Operator,RCM
140,Gerri,Bernardet,gbernardet3v@ebay.com,Female,Programmer Analyst I,OTP
141,Vic,Laflin,vlaflin3w@meetup.com,Male,VP Product Management,AWR Microwave Office
142,Remington,Hullah,rhullah3x@vimeo.com,Male,Internal Auditor,Mixed Signal
143,Whitman,Kesper,wkesper3y@nasa.gov,Male,Structural Engineer,Rural Community Development
144,Allayne,Slavin,aslavin3z@netvibes.com,Male,Nuclear Power Engineer,Ffmpeg
145,Ernst,Shawl,eshawl40@bluehost.com,Male,Health Coach II,Circuit Design
146,Minne,Plews,mplews41@freewebs.com,Female,Budget/Accounting Analyst I,Lesson Planning
147,Norine,Chadney,nchadney42@amazon.com,Non-binary,Help Desk Technician,Disaster Recovery
148,Shaughn,Emm,semm43@studiopress.com,Male,Chemical Engineer,GNU tools
149,Bethanne,Abisetti,babisetti44@typepad.com,Female,Biostatistician II,Food Industry
150,Rozalie,Grimwood,rgrimwood45@epa.gov,Female,Analog Circuit Design manager,Tax Advisory
151,Eve,Dixey,edixey46@thetimes.co.uk,Female,Assistant Manager,Skin Care
152,Janetta,O'Lehane,jolehane47@netlog.com,Female,Account Coordinator,JRockit
153,Linell,Czajkowski,lczajkowski48@stumbleupon.com,Female,Database Administrator IV,PDMS Draft
154,Leonid,Kingsworth,lkingsworth49@rambler.ru,Male,Nurse,Award Ceremonies
155,Richmond,Lasslett,rlasslett4a@latimes.com,Male,Programmer IV,PPAP
156,Aundrea,Hamflett,ahamflett4b@bloglines.com,Female,Food Chemist,Bankruptcy
157,Mallorie,Worshall,mworshall4c@studiopress.com,Female,Analyst Programmer,TPNS
158,Dennis,Reisenberg,dreisenberg4d@wix.com,Male,Payment Adjustment Coordinator,vCloud
159,Jillana,Chisholm,jchisholm4e@posterous.com,Female,Operator,MDX
160,Salomi,Semeradova,ssemeradova4f@epa.gov,Female,Graphic Designer,Jidoka
161,Sayer,Tollerfield,stollerfield4g@cnet.com,Male,Systems Administrator I,ICP-MS
162,Francene,McAlarney,fmcalarney4h@i2i.jp,Female,Food Chemist,5 Why
163,Dion,Emmanuel,demmanuel4i@blog.com,Male,Systems Administrator II,Omgeo Oasys
164,Winifred,Jarnell,wjarnell4j@state.gov,Female,Senior Financial Analyst,MHP
165,Avigdor,Slaymaker,aslaymaker4k@paypal.com,Male,VP Product Management,WMOS
166,Madelon,Stockell,mstockell4l@tamu.edu,Female,VP Accounting,ZFS
167,Gerladina,Clapson,gclapson4m@zdnet.com,Female,Professor,Financial Planning
168,Chilton,Sherrott,csherrott4n@1688.com,Male,Financial Advisor,CI
169,Darrell,Collins,dcollins4o@hexun.com,Male,Research Associate,GFAS
170,Igor,Venediktov,ivenediktov4p@stumbleupon.com,Male,Senior Editor,QlikView
171,Shaun,Voff,svoff4q@altervista.org,Female,Pharmacist,Equipment Repair
172,Lanni,Tolossi,ltolossi4r@infoseek.co.jp,Female,Technical Writer,ICP
173,Chrystal,Wimpeney,cwimpeney4s@domainmarket.com,Female,VP Sales,SaaS
174,Meagan,Ferri,mferri4t@slideshare.net,Genderfluid,Safety Technician I,Student Financial Aid
175,Barty,Perazzo,bperazzo4u@altervista.org,Male,Account Representative II,Medical Imaging
176,Shandy,Lown,slown4v@macromedia.com,Female,Environmental Specialist,LS-DYNA
177,Morgan,Cashin,mcashin4w@bigcartel.com,Female,Sales Associate,Feature Writing
178,Finn,Growcock,fgrowcock4x@oakley.com,Male,Payment Adjustment Coordinator,CPIM
179,Lambert,Kingcote,lkingcote4y@cnbc.com,Male,Human Resources Manager,Tumblr
180,Gelya,Rutley,grutley4z@twitter.com,Female,Project Manager,VLDB
181,Christopher,Skellion,cskellion50@redcross.org,Male,Business Systems Development Analyst,Flow Cytometry
182,Brook,Gaddesby,bgaddesby51@pbs.org,Male,Senior Cost Accountant,Typo3
183,Anselma,Everley,aeverley52@reference.com,Female,Structural Analysis Engineer,LCR
184,Dorette,Ratter,dratter53@naver.com,Female,Tax Accountant,GST
185,Shandy,Zumbusch,szumbusch54@state.tx.us,Female,Web Developer III,Embedded Linux
186,Kristofer,Golden of Ireland,kgoldenofireland55@zdnet.com,Male,Business Systems Development Analyst,Footwear
187,Ameline,Goddman,agoddman56@dailymotion.com,Female,Biostatistician III,FTTP
188,Nicoline,Penhallurick,npenhallurick57@nymag.com,Female,Programmer Analyst I,Teaching
189,Wilhelm,Risen,wrisen58@state.tx.us,Male,Assistant Manager,BCMS
190,Morgun,Ommanney,mommanney59@drupal.org,Male,Geological Engineer,Core Java
191,Valencia,Rainger,vrainger5a@prlog.org,Female,Assistant Professor,NRI Services
192,Phillipe,Sollas,psollas5b@woothemes.com,Agender,General Manager,JCIDS
193,Kalli,Kubera,kkubera5c@goo.ne.jp,Female,Recruiter,Fund Accounting
194,Gonzales,Bausmann,gbausmann5d@xinhuanet.com,Male,Quality Engineer,Skin Care
195,Say,Camin,scamin5e@artisteer.com,Male,Legal Assistant,User Acceptance Testing
196,Joyce,Ucchino,jucchino5f@ifeng.com,Female,Media Manager II,UG
197,Gregoire,Dikle,gdikle5g@wix.com,Male,Executive Secretary,OSHA 30-Hour
198,Gertie,Yeulet,gyeulet5h@mozilla.org,Female,Accountant III,Cybercrime
199,Neville,McSperrin,nmcsperrin5i@qq.com,Male,VP Marketing,Tax
200,Clifford,Flye,cflye5j@techcrunch.com,Male,Programmer II,Deep Tissue Massage
201,Kristofer,Bollom,kbollom5k@mac.com,Male,VP Product Management,NCSim
202,Genvieve,Sheard,gsheard5l@japanpost.jp,Female,Mechanical Systems Engineer,Getting to Yes
203,Victoir,Vizor,vvizor5m@godaddy.com,Male,Office Assistant III,Hatha Yoga
204,Elonore,Lehr,elehr5n@shinystat.com,Female,Health Coach IV,Comic Book Illustration
205,Say,Monkeman,smonkeman5o@npr.org,Agender,Business Systems Development Analyst,Trimble GPS
206,Marrissa,Halliwell,mhalliwell5p@ocn.ne.jp,Female,Marketing Assistant,Nanotechnology
207,Erhard,Askin,easkin5q@census.gov,Male,Statistician II,PPDS
208,Devin,Jarrette,djarrette5r@biglobe.ne.jp,Female,Cost Accountant,CTI
209,Chicky,Lochrie,clochrie5s@foxnews.com,Female,Analyst Programmer,Listings
210,Tremaine,Lasselle,tlasselle5t@chron.com,Male,Clinical Specialist,Web Development
211,Jacquelin,Spaven,jspaven5u@cmu.edu,Female,Budget/Accounting Analyst III,TIBCO
212,Raphaela,Elldred,relldred5v@shop-pro.jp,Female,Help Desk Operator,Pastoral Care
213,Celinka,Weyland,cweyland5w@bluehost.com,Female,Mechanical Systems Engineer,DFLSS
214,Norrie,Mosdell,nmosdell5x@slideshare.net,Female,VP Sales,RNP
215,Mufinella,Ojeda,mojeda5y@a8.net,Female,Project Manager,SnagIt
216,Laverne,Halling,lhalling5z@nhs.uk,Female,Recruiting Manager,Award Winner
217,Waverly,Renhard,wrenhard60@nbcnews.com,Male,Environmental Specialist,DQL
218,Christos,Kempston,ckempston61@so-net.ne.jp,Male,Design Engineer,QSIG
219,Sander,Stockoe,sstockoe62@psu.edu,Male,Health Coach IV,MXF
220,Amanda,Behrend,abehrend63@patch.com,Female,Automation Specialist II,PMC
221,Krishnah,Skellern,kskellern64@google.ru,Male,Occupational Therapist,Olefins
222,Moshe,Itschakov,mitschakov65@tinypic.com,Male,Analog Circuit Design manager,PDH
223,Ermentrude,Robotham,erobotham66@360.cn,Female,Food Chemist,CPCU
224,Humfried,Patterson,hpatterson67@ted.com,Male,Compensation Analyst,General Insurance
225,Mariele,Gergely,mgergely68@ifeng.com,Female,Assistant Manager,CVM
226,Zonda,Coye,zcoye69@angelfire.com,Female,Sales Representative,Pay TV
227,Rutherford,Gripton,rgripton6a@flavors.me,Male,Quality Engineer,DDI Certified
228,Bernardine,Klimkov,bklimkov6b@elpais.com,Female,Engineer I,Data Guard
229,Brand,Makin,bmakin6c@go.com,Male,Structural Engineer,Rent to Own
230,Raviv,Astin,rastin6d@google.com.hk,Male,Assistant Media Planner,Uzbek
231,Darsey,Barok,dbarok6e@1und1.de,Female,Senior Developer,IIS
232,Tamar,Gonnel,tgonnel6f@twitter.com,Female,Nuclear Power Engineer,Failure Analysis
233,Wilhelmine,Eichmann,weichmann6g@ifeng.com,Female,Help Desk Technician,Sound FX Editing
234,Lauryn,Born,lborn6h@wix.com,Female,Occupational Therapist,Feature Films
235,Sunny,Nuscha,snuscha6i@kickstarter.com,Genderfluid,Associate Professor,GT-Power
236,Regine,Maplesden,rmaplesden6j@netlog.com,Female,VP Quality Control,Oil Sands
237,Nial,Lacasa,nlacasa6k@marriott.com,Male,Senior Financial Analyst,DNA Sequencing
238,Jaquelin,Philippsohn,jphilippsohn6l@ezinearticles.com,Female,Help Desk Operator,UK Bribery Act
239,Cariotta,MacColl,cmaccoll6m@i2i.jp,Female,Software Engineer II,CAESAR II
240,Tibold,Jolliman,tjolliman6n@mail.ru,Male,Staff Accountant IV,Urban Regeneration
241,Holly,MacPherson,hmacpherson6o@ca.gov,Female,Financial Advisor,Jing
242,Cody,Gwinnell,cgwinnell6p@oaic.gov.au,Female,Software Test Engineer III,Special Events
243,Gilberte,Picopp,gpicopp6q@eventbrite.com,Female,Nuclear Power Engineer,Patient Education
244,Arthur,Tretwell,atretwell6r@zdnet.com,Male,Accounting Assistant I,ALM
245,Kerwinn,Tarply,ktarply6s@cnet.com,Male,Director of Sales,SnagIt
246,Almeria,Collar,acollar6t@google.ca,Female,Health Coach III,Weapons of Mass Destruction
247,Vladimir,Gawthorpe,vgawthorpe6u@fema.gov,Male,Administrative Assistant I,MCSD
248,Janaya,Aizikov,jaizikov6v@ebay.co.uk,Female,Quality Control Specialist,NNMi
249,Gretal,Wolverson,gwolverson6w@canalblog.com,Female,Product Engineer,DGA
250,Adele,Ensor,aensor6x@flickr.com,Female,Nuclear Power Engineer,Gym
251,Andie,Hanaby,ahanaby6y@skype.com,Male,Social Worker,XPAC
252,Aksel,Blint,ablint6z@bizjournals.com,Male,Design Engineer,Zainet
253,Stormie,Eversley,seversley70@dell.com,Female,Environmental Tech,Social Media Outreach
254,Loralyn,Pasley,lpasley71@opensource.org,Female,Quality Control Specialist,Psychodynamic Psychotherapy
255,Heather,Buttel,hbuttel72@pbs.org,Female,Data Coordiator,Professional Services
256,Conway,Victoria,cvictoria73@arstechnica.com,Male,Staff Accountant II,Pigments
257,Mayer,Truelove,mtruelove74@squarespace.com,Male,Safety Technician III,Fund Administration
258,Melloney,Clemanceau,mclemanceau75@skyrock.com,Female,Senior Sales Associate,Civil Litigation
259,Jeth,Gregoletti,jgregoletti76@un.org,Male,Accountant III,OTP
260,Pepillo,Goudman,pgoudman77@wikipedia.org,Male,Software Engineer III,Vulcan
261,Wanids,Bricham,wbricham78@moonfruit.com,Female,Project Manager,PFlow
262,Darice,January,djanuary79@netlog.com,Female,Civil Engineer,POS
263,Decca,Organer,dorganer7a@mozilla.com,Male,Design Engineer,Linux Kernel
264,Torrance,Gouldbourn,tgouldbourn7b@hubpages.com,Male,Registered Nurse,Turbo C++
265,Shirley,Ivanchov,sivanchov7c@storify.com,Female,Help Desk Technician,IBM Rational Tools
266,Bess,Lansbury,blansbury7d@geocities.jp,Non-binary,Product Engineer,Administrative Law
267,Aliza,Anthonies,aanthonies7e@unblog.fr,Female,Quality Engineer,Cytology
268,Jarrett,Ley,jley7f@pinterest.com,Non-binary,Graphic Designer,IaaS
269,Gertrude,Jotham,gjotham7g@skyrock.com,Female,Environmental Specialist,Obstructive Sleep Apnea
270,Ermentrude,Krook,ekrook7h@ask.com,Female,GIS Technical Architect,Passionate about work
271,Darsey,Linne,dlinne7i@fotki.com,Agender,Research Nurse,FMA
272,Dick,Crevagh,dcrevagh7j@bigcartel.com,Male,Actuary,KT
273,Camila,Sertin,csertin7k@ibm.com,Female,Registered Nurse,Tax Accounting
274,Matt,Zahor,mzahor7l@howstuffworks.com,Male,Chemical Engineer,Venipuncture
275,Hal,Scocroft,hscocroft7m@cpanel.net,Male,Web Designer II,Research
276,Cassandra,Ciepluch,cciepluch7n@chronoengine.com,Female,Senior Cost Accountant,Market Analysis
277,Matthew,Pates,mpates7o@time.com,Male,Editor,Lutron
278,Rhona,Bartelot,rbartelot7p@webeden.co.uk,Female,Teacher,Nursing Management
279,Jule,Hutcheons,jhutcheons7q@java.com,Male,Senior Developer,SSRS
280,Farleigh,Grisdale,fgrisdale7r@cargocollective.com,Male,Analyst Programmer,jQuery UI
281,Rolph,Onians,ronians7s@epa.gov,Male,Geological Engineer,Procurement
282,Ellen,Duerdin,eduerdin7t@blogs.com,Female,Systems Administrator IV,Venipuncture
283,Bobbie,Fetter,bfetter7u@wsj.com,Female,VP Sales,CNOR
284,Land,Tarbert,ltarbert7v@zdnet.com,Male,Database Administrator III,WDF
285,Blake,Hymers,bhymers7w@taobao.com,Bigender,Biostatistician I,GXT
286,Leandra,Mapowder,lmapowder7x@1688.com,Female,Assistant Professor,Ethics
287,Brittney,Edkins,bedkins7y@eventbrite.com,Female,Sales Representative,MSDS
288,Eddi,Mariolle,emariolle7z@wiley.com,Female,Tax Accountant,Sports Play-by-play
289,Margareta,Antonoyev,mantonoyev80@lycos.com,Female,Marketing Assistant,Xalan
290,Juditha,Stubs,jstubs81@ibm.com,Female,Clinical Specialist,OSGi
291,Tyson,Dufaire,tdufaire82@ow.ly,Male,Payment Adjustment Coordinator,TCAP
292,Fredric,Penylton,fpenylton83@goo.ne.jp,Male,Software Engineer I,OTDR
293,Britney,Boyan,bboyan84@google.com.au,Female,Teacher,Gw Basic
294,Ernie,Pillifant,epillifant85@google.fr,Male,Chemical Engineer,WLAN
295,Lisbeth,Halfhyde,lhalfhyde86@spotify.com,Female,Actuary,Localization
296,Tomlin,Branche,tbranche87@mac.com,Male,Safety Technician III,OLE
297,Vickie,Jaffrey,vjaffrey88@blinklist.com,Female,Account Coordinator,Document Imaging
298,Noll,Bailles,nbailles89@stumbleupon.com,Male,Internal Auditor,PCS7
299,Wilhelmina,Axtens,waxtens8a@plala.or.jp,Polygender,VP Product Management,Flash Animation
300,Tanney,Diss,tdiss8b@paginegialle.it,Agender,Software Consultant,RTGS
301,Ronny,De la Barre,rdelabarre8c@vimeo.com,Non-binary,VP Marketing,Acute Care
302,Kirsten,Pala,kpala8d@canalblog.com,Female,Cost Accountant,Blackberry OS
303,Billye,Hegg,bhegg8e@engadget.com,Female,Systems Administrator I,CCDA
304,Sergeant,Pavese,spavese8f@deviantart.com,Male,Community Outreach Specialist,Professional Ethics
305,Grant,Gambrell,ggambrell8g@msu.edu,Male,Sales Associate,ETABS
306,Zondra,Llewhellin,zllewhellin8h@addthis.com,Female,Senior Editor,Private Duty
307,Davey,Phizakarley,dphizakarley8i@auda.org.au,Male,Marketing Manager,Workplace Violence
308,Thaddeus,Ulyet,tulyet8j@nature.com,Male,Civil Engineer,Corel Draw
309,Rickie,Greenhill,rgreenhill8k@accuweather.com,Female,General Manager,Digital Journalism
310,Janaye,Lisimore,jlisimore8l@theguardian.com,Female,Research Nurse,Sleep Disorders
311,Jayson,Harwell,jharwell8m@hp.com,Male,Senior Quality Engineer,Prototype.js
312,Lauree,Ruselin,lruselin8n@themeforest.net,Genderfluid,Junior Executive,Partner Management
313,Johann,Blackhurst,jblackhurst8o@phpbb.com,Bigender,Help Desk Technician,OGRE
314,Carlota,Baldacchino,cbaldacchino8p@facebook.com,Genderfluid,Graphic Designer,vRanger
315,Shari,Janiak,sjaniak8q@google.cn,Female,Registered Nurse,Japanese
316,Mylo,Vanichkov,mvanichkov8r@nyu.edu,Male,Graphic Designer,Turkish
317,Ephrem,Blazic,eblazic8s@edublogs.org,Male,Technical Writer,Performance Improvement
318,Burch,Peeters,bpeeters8t@ucsd.edu,Bigender,Staff Accountant III,Accounts Payable
319,Karilynn,Quarry,kquarry8u@businessweek.com,Female,Design Engineer,Knee Surgery
320,Timoteo,Hofler,thofler8v@merriam-webster.com,Genderfluid,Dental Hygienist,HQL
321,Franciskus,Sleney,fsleney8w@infoseek.co.jp,Male,Web Developer IV,EBIT
322,Timmie,Wadeson,twadeson8x@jalbum.net,Female,Dental Hygienist,Eyelash &amp; Eyebrow Tinting
323,Imogene,Wallentin,iwallentin8y@narod.ru,Female,Safety Technician II,Telecom BSS
324,Jacob,Malarkey,jmalarkey8z@senate.gov,Male,Clinical Specialist,XMPie
325,Vevay,Bradnum,vbradnum90@fastcompany.com,Female,Quality Engineer,LME
326,Bary,Jodlowski,bjodlowski91@networksolutions.com,Male,Occupational Therapist,Workplace Violence
327,Tami,Euesden,teuesden92@pagesperso-orange.fr,Female,Paralegal,Strategic HR
328,Bar,Cubley,bcubley93@linkedin.com,Male,Computer Systems Analyst IV,QCAT
329,Berget,Mouatt,bmouatt94@fotki.com,Female,Professor,E-Learning
330,Almeda,Ludlem,aludlem95@booking.com,Female,GIS Technical Architect,Quality System
331,Maryjane,Askin,maskin96@howstuffworks.com,Female,Geological Engineer,DoD
332,Michail,Wetherby,mwetherby97@accuweather.com,Male,Geologist II,Tissue Culture
333,Granger,Purkis,gpurkis98@networkadvertising.org,Male,Electrical Engineer,Easily Adaptable
334,Lilas,Laydel,llaydel99@ezinearticles.com,Female,VP Marketing,FDD
335,Marieann,Winscomb,mwinscomb9a@disqus.com,Female,Staff Accountant IV,Play Therapy
336,Evelyn,O' Quirk,eoquirk9b@cdbaby.com,Male,Analog Circuit Design manager,Oil &amp; Gas Services
337,Homerus,McFall,hmcfall9c@cnn.com,Male,Chief Design Engineer,BSI Tax Factory
338,Lin,Odde,lodde9d@illinois.edu,Female,Design Engineer,DMR
339,Obie,Molder,omolder9e@cnet.com,Male,Geological Engineer,Agribusiness
340,Staffard,Fitzsymons,sfitzsymons9f@mediafire.com,Male,Teacher,PTP
341,Jenica,Danielot,jdanielot9g@wisc.edu,Female,Tax Accountant,CQG
342,Serge,Gingold,sgingold9h@wikispaces.com,Male,Health Coach I,Ships
343,Sonnie,Testo,stesto9i@cocolog-nifty.com,Female,Desktop Support Technician,Big Box
344,Elwira,Rawsen,erawsen9j@vinaora.com,Female,Associate Professor,Atmel AVR
345,Eileen,Hanaby,ehanaby9k@google.co.uk,Female,Physical Therapy Assistant,QAM
346,Lewie,Ruter,lruter9l@bing.com,Male,VP Sales,Essbase
347,Geoffrey,Reams,greams9m@issuu.com,Male,Quality Control Specialist,Zainet
348,Humbert,Beamont,hbeamont9n@scientificamerican.com,Male,Software Consultant,NMS
349,Eliza,Vasyunichev,evasyunichev9o@drupal.org,Female,Dental Hygienist,DVI
350,Cirilo,Swine,cswine9p@sakura.ne.jp,Male,Safety Technician IV,OTL
351,Eddie,Lanphere,elanphere9q@yellowpages.com,Male,Operator,NSLDS
352,Janey,Habin,jhabin9r@harvard.edu,Female,Senior Financial Analyst,Air Quality
353,Wenonah,Smidmor,wsmidmor9s@ezinearticles.com,Female,Marketing Manager,YAML
354,Farrell,Ross,fross9t@jalbum.net,Male,Quality Control Specialist,Franchising
355,Bart,Bontein,bbontein9u@parallels.com,Male,Account Executive,Bass Guitar
356,Werner,Casarini,wcasarini9v@icio.us,Male,Human Resources Manager,Fashion GPS
357,Giacinta,Sturdy,gsturdy9w@baidu.com,Female,Civil Engineer,Store Management
358,Angelika,Kupke,akupke9x@ameblo.jp,Female,Business Systems Development Analyst,Publications
359,Cass,Clipson,cclipson9y@kickstarter.com,Male,Clinical Specialist,zLinux
360,Tiffany,Lancaster,tlancaster9z@chron.com,Female,Office Assistant II,Key Account Development
361,Vincenty,Brodnecke,vbrodneckea0@admin.ch,Male,Administrative Assistant I,CPLEX
362,Sibyl,Gernier,sgerniera1@npr.org,Female,Senior Financial Analyst,PVM
363,Brewer,Wedon,bwedona2@bravesites.com,Male,Senior Sales Associate,International Law
364,Wilfred,Gawthrop,wgawthropa3@angelfire.com,Male,Geological Engineer,CTF
365,Magdalena,Deere,mdeerea4@washingtonpost.com,Female,Senior Sales Associate,Warranty
366,Randie,Haldenby,rhaldenbya5@upenn.edu,Female,Community Outreach Specialist,EFQM Excellence Model
367,Culver,Tuffin,ctuffina6@webeden.co.uk,Male,Director of Sales,WS-Federation
368,Daffie,Claire,dclairea7@cnbc.com,Female,Environmental Specialist,LDOM
369,Davon,Wearn,dwearna8@wikispaces.com,Male,Assistant Manager,7 QC Tools
370,Jere,Malkie,jmalkiea9@indiatimes.com,Male,VP Marketing,Governmental Affairs
371,Ericha,Hammill,ehammillaa@moonfruit.com,Female,Assistant Media Planner,IRS
372,Ulrikaumeko,Abrahm,uabrahmab@bloomberg.com,Genderqueer,Recruiter,NYISO
373,Rikki,Peggs,rpeggsac@oakley.com,Male,Food Chemist,Data Quality
374,Zeke,Dumbleton,zdumbletonad@salon.com,Male,Structural Analysis Engineer,SIP Trunking
375,Tadeas,Tearle,ttearleae@npr.org,Male,Operator,Software Implementation
376,Cristal,Eagles,ceaglesaf@imageshack.us,Female,Statistician IV,Ubiquitous Computing
377,Karee,Haliburton,khaliburtonag@php.net,Female,Food Chemist,Participant Observation
378,Lula,Wethey,lwetheyah@cbc.ca,Female,Programmer III,Early Childhood Literacy
379,Joyce,Baudassi,jbaudassiai@cbsnews.com,Female,Software Engineer I,Data Structures
380,Thurstan,Tromans,ttromansaj@wordpress.com,Male,Physical Therapy Assistant,DNS Server
381,Rosella,Cashman,rcashmanak@ovh.net,Female,Marketing Assistant,Merchandising
382,Erhard,Orknay,eorknayal@wp.com,Male,Design Engineer,PMO Design
383,Mag,Caso,mcasoam@ed.gov,Female,Web Developer I,DFD
384,Cornela,Schneidar,cschneidaran@ebay.com,Female,Programmer II,SFX Editing
385,Stella,Minett,sminettao@hexun.com,Female,Assistant Media Planner,Environmental Science
386,Griswold,Trayhorn,gtrayhornap@vk.com,Male,Civil Engineer,UCINET
387,Efren,McDugal,emcdugalaq@fc2.com,Male,Paralegal,YUI
388,Burke,Upward,bupwardar@typepad.com,Male,Compensation Analyst,OOS
389,Haley,Bausor,hbausoras@ted.com,Male,Product Engineer,SFR
390,Vivien,Ponceford,vponcefordat@printfriendly.com,Female,Geologist III,Ticketing
391,Gearalt,Eicheler,geichelerau@163.com,Male,Budget/Accounting Analyst II,DG Sets
392,Calla,Curson,ccursonav@ca.gov,Female,Pharmacist,Ideas NX
393,Merrick,Meaking,mmeakingaw@live.com,Non-binary,Marketing Manager,DQL
394,Sonya,Byrd,sbyrdax@opera.com,Female,Clinical Specialist,Disability Insurance
395,Aili,Febry,afebryay@earthlink.net,Female,Recruiting Manager,Solid Oxide Fuel Cells
396,King,Moyers,kmoyersaz@sitemeter.com,Male,Clinical Specialist,Home Equity Lines of Credit
397,Lev,Oxlee,loxleeb0@squidoo.com,Male,Marketing Assistant,PyMEL
398,Annabal,Krzysztof,akrzysztofb1@java.com,Female,Nuclear Power Engineer,PPC
399,Rosalind,Lovie,rlovieb2@behance.net,Female,Senior Cost Accountant,PJM
400,Boonie,Knevett,bknevettb3@domainmarket.com,Male,Sales Associate,PDF Creator
401,Lynnette,Losemann,llosemannb4@mail.ru,Female,Nuclear Power Engineer,SMT
402,Susanetta,Crinson,scrinsonb5@google.co.jp,Female,Media Manager IV,VNC
403,Hendrik,Frugier,hfrugierb6@yelp.com,Male,Software Engineer III,Business Objects Data Integrator
404,Theodora,Soldner,tsoldnerb7@thetimes.co.uk,Female,VP Accounting,Ion
405,Israel,Loddy,iloddyb8@mit.edu,Male,Research Nurse,IT Audit
406,Robinet,Trump,rtrumpb9@icq.com,Non-binary,Electrical Engineer,Corporate FP&amp;A
407,Waiter,Vass,wvassba@homestead.com,Male,Biostatistician IV,Web Content
408,Flory,Ivashchenko,fivashchenkobb@tripadvisor.com,Male,Pharmacist,Cisco Nexus
409,Carlin,Tomasz,ctomaszbc@pen.io,Female,Desktop Support Technician,JFace
410,Bary,Brockie,bbrockiebd@economist.com,Male,Analog Circuit Design manager,RCS Master Control
411,Agace,Bercevelo,abercevelobe@woothemes.com,Female,Nurse,Juggling
412,Elsi,Van Eeden,evaneedenbf@icq.com,Female,Nurse Practicioner,Gold
413,Delilah,MacCaughan,dmaccaughanbg@rambler.ru,Female,VP Sales,HACCP
414,Quincy,D'Ambrosio,qdambrosiobh@fastcompany.com,Male,Business Systems Development Analyst,RCMS
415,Nettie,Whylie,nwhyliebi@yahoo.co.jp,Agender,Assistant Media Planner,Carriage of Goods by Sea
416,Ahmad,Udy,audybj@123-reg.co.uk,Male,Software Engineer II,Go
417,Valentino,Nicklinson,vnicklinsonbk@paypal.com,Male,Registered Nurse,RSoft
418,Pete,Stanlick,pstanlickbl@aol.com,Male,Structural Engineer,PgSQL
419,Claire,Bertelet,cberteletbm@eventbrite.com,Female,Research Nurse,Web 2.0
420,Nat,Knappe,nknappebn@sun.com,Female,Tax Accountant,Sh
421,Leif,MacGiany,lmacgianybo@webmd.com,Male,Project Manager,QA Automation
422,Levi,Sibary,lsibarybp@scribd.com,Male,Financial Advisor,RMA
423,Hana,Laing,hlaingbq@webs.com,Female,Sales Representative,Youth Development
424,Arline,Mattevi,amattevibr@ameblo.jp,Female,Analog Circuit Design manager,GIS Application
425,Chas,Lunt,cluntbs@sourceforge.net,Male,Analyst Programmer,HDPE
426,Zackariah,Forshaw,zforshawbt@reddit.com,Male,Database Administrator II,Outpatient Orthopedics
427,Ainslee,Maving,amavingbu@washingtonpost.com,Female,Sales Representative,Whiplash
428,Clerissa,De Meyer,cdemeyerbv@miibeian.gov.cn,Female,Electrical Engineer,KOL Identification
429,Seumas,Keenlyside,skeenlysidebw@twitter.com,Male,Senior Editor,MicroStation
430,Ester,Adnett,eadnettbx@scientificamerican.com,Non-binary,Human Resources Manager,TFM
431,Krishnah,Brumfield,kbrumfieldby@nifty.com,Male,GIS Technical Architect,HP Service Manager
432,Lanette,Calabry,lcalabrybz@drupal.org,Female,Environmental Specialist,Allergy
433,Elset,Macura,emacurac0@wiley.com,Genderfluid,Systems Administrator I,Fluorescence Microscopy
434,Katee,Bernaciak,kbernaciakc1@desdev.cn,Female,Electrical Engineer,OMNI
435,Sascha,MacClure,smacclurec2@miitbeian.gov.cn,Male,Tax Accountant,VMD
436,Fabian,Tylor,ftylorc3@about.me,Polygender,Quality Engineer,Ukulele
437,Rourke,Tudball,rtudballc4@tripadvisor.com,Male,Analyst Programmer,Mutual Funds
438,Pansy,Wigmore,pwigmorec5@woothemes.com,Female,Help Desk Technician,Loan Servicing
439,Garrik,Payton,gpaytonc6@symantec.com,Male,Technical Writer,Ultra Low Latency
440,Raff,Haynesford,rhaynesfordc7@imageshack.us,Male,Research Associate,Petroleum Geology
441,Maximilian,Casotti,mcasottic8@sbwire.com,Male,Business Systems Development Analyst,Advertising
442,Nellie,Burtonwood,nburtonwoodc9@cisco.com,Female,Senior Sales Associate,FSMS
443,Caz,Stubbings,cstubbingsca@oaic.gov.au,Male,Safety Technician IV,CTR
444,Mavra,O'Gready,mogreadycb@unc.edu,Female,Account Coordinator,Data Warehousing
445,Matthew,Dinis,mdiniscc@privacy.gov.au,Male,Assistant Manager,Servers
446,Theodoric,Sword,tswordcd@adobe.com,Male,Senior Sales Associate,Upholstery
447,Carena,Prover,cproverce@prlog.org,Female,Help Desk Operator,Ideas Development
448,Jacob,Goss,jgosscf@altervista.org,Male,Research Associate,CSRs
449,Demetris,Broschke,dbroschkecg@gizmodo.com,Female,Analog Circuit Design manager,DLS
450,Bevon,Schoffler,bschofflerch@sourceforge.net,Male,Environmental Specialist,Nginx
451,Shandie,Bagwell,sbagwellci@360.cn,Agender,Health Coach IV,Tcsh
452,Nollie,Goldthorp,ngoldthorpcj@ehow.com,Male,Cost Accountant,Interest Rate Derivatives
453,Juliette,Vynoll,jvynollck@drupal.org,Female,Research Associate,HDF5
454,Nelly,Biesty,nbiestycl@jigsy.com,Female,Junior Executive,Financial Risk
455,Genni,Parcall,gparcallcm@addthis.com,Female,Financial Analyst,Influence Others
456,Rosie,Spick,rspickcn@chronoengine.com,Female,Associate Professor,CMMI Level 5
457,Harriot,Blaydon,hblaydonco@spiegel.de,Female,Recruiter,Usability
458,Marcel,Georgeau,mgeorgeaucp@ed.gov,Male,Geologist I,Operational Oversight
459,Almeta,Imason,aimasoncq@networksolutions.com,Female,Internal Auditor,EIM
460,Jeniece,Duligall,jduligallcr@stumbleupon.com,Female,Marketing Assistant,Zillow
461,Orion,Sekulla,osekullacs@blogger.com,Male,Automation Specialist IV,ICT Consultancy
462,Sanders,Brehat,sbrehatct@vkontakte.ru,Male,Marketing Assistant,GWAS
463,Jessey,Jedrzaszkiewicz,jjedrzaszkiewiczcu@free.fr,Male,Dental Hygienist,HUET
464,Michail,Blaschek,mblaschekcv@discovery.com,Genderqueer,Occupational Therapist,GC-FID
465,Egan,Binyon,ebinyoncw@auda.org.au,Male,Senior Financial Analyst,GWT
466,Mata,Chattoe,mchattoecx@yolasite.com,Male,Nurse,LPT
467,Drusie,Ateridge,dateridgecy@china.com.cn,Female,Structural Engineer,Yellow Belt
468,Deirdre,Pedrocco,dpedroccocz@so-net.ne.jp,Female,Payment Adjustment Coordinator,Short Films
469,Carter,Stokes,cstokesd0@vk.com,Male,Desktop Support Technician,SAP-SD
470,Wain,Josefovic,wjosefovicd1@infoseek.co.jp,Male,Quality Engineer,Switching
471,Donny,Caren,dcarend2@booking.com,Female,Geologist III,VDM
472,Humfried,Mc Cahey,hmccaheyd3@foxnews.com,Male,Director of Sales,Ethernet over Copper
473,Pauli,Rix,prixd4@google.co.jp,Female,Marketing Manager,Weddings
474,Zara,Bliben,zblibend5@dagondesign.com,Female,VP Sales,SMS
475,Hugh,Aubert,haubertd6@wordpress.org,Male,Teacher,Criminal Investigations
476,Markus,Hughes,mhughesd7@google.nl,Agender,Administrative Assistant II,Financial Audits
477,Kristan,Greneham,kgrenehamd8@statcounter.com,Female,Data Coordiator,Omniture
478,Margi,Gillison,mgillisond9@1und1.de,Female,Engineer III,Fixed Assets
479,Brandy,Drummond,bdrummondda@i2i.jp,Male,Safety Technician I,Nursing Management
480,Erie,China,echinadb@ed.gov,Male,Legal Assistant,BSR Advance
481,Winthrop,Geeritz,wgeeritzdc@independent.co.uk,Male,Assistant Professor,Area Rugs
482,Hersch,McCarly,hmccarlydd@sun.com,Male,Systems Administrator I,DVCProHD
483,Correy,Aleksankov,caleksankovde@marketwatch.com,Male,Financial Analyst,Embedded Systems
484,Kevyn,Seabrook,kseabrookdf@multiply.com,Female,Physical Therapy Assistant,Microsoft Dynamics GP
485,Gifford,Bampford,gbampforddg@devhub.com,Male,Clinical Specialist,JScript
486,Cecil,Heinert,cheinertdh@npr.org,Female,Pharmacist,PDMS Draft
487,Aurelea,Tesseyman,atesseymandi@google.pl,Female,Community Outreach Specialist,Sap Fm
488,Jenine,Nunn,jnunndj@google.de,Female,Research Nurse,Liability
489,Raynell,Mathewson,rmathewsondk@blogtalkradio.com,Female,VP Product Management,UHV
490,Benyamin,Karadzas,bkaradzasdl@nature.com,Male,GIS Technical Architect,GNU Make
491,Karisa,Woodier,kwoodierdm@lulu.com,Female,Programmer III,Fortran
492,Ambur,Gerholz,agerholzdn@typepad.com,Female,Automation Specialist III,Fit-out
493,Willi,Dobinson,wdobinsondo@free.fr,Male,Product Engineer,Marketing Communications
494,Marisa,Bullar,mbullardp@acquirethisname.com,Female,Quality Control Specialist,Vacation Homes
495,Derrik,Haysham,dhayshamdq@linkedin.com,Male,Nurse Practicioner,Healthcare Industry
496,Hillel,Atterley,hatterleydr@hexun.com,Male,Assistant Manager,FSP
497,Taylor,Boydle,tboydleds@is.gd,Male,Geologist I,Direct Sales
498,Fanchette,Kloser,fkloserdt@statcounter.com,Non-binary,Administrative Officer,Vector NTI
499,Law,Spandley,lspandleydu@booking.com,Bigender,Junior Executive,RTO
500,Lezley,Varker,lvarkerdv@guardian.co.uk,Male,Nuclear Power Engineer,GIS systems
501,Daune,Stienham,dstienhamdw@dyndns.org,Bigender,Administrative Officer,IFS ERP
502,Carmon,Wootton,cwoottondx@vinaora.com,Female,Administrative Assistant II,Turbo Pascal
503,Robbie,McHaffy,rmchaffydy@tinypic.com,Male,Analyst Programmer,Sound FX Editing
504,Ashlee,Robun,arobundz@pinterest.com,Genderqueer,Human Resources Manager,HW/SW integration
505,Anne,Huitt,ahuitte0@amazon.co.jp,Female,Assistant Professor,Lightroom
506,Nealson,Hove,nhovee1@woothemes.com,Male,Internal Auditor,PCRF
507,Neille,Stearne,nstearnee2@adobe.com,Female,Assistant Manager,Interpersonal Skills
508,Aurora,Burtwistle,aburtwistlee3@ocn.ne.jp,Female,Research Assistant II,Kurzweil
509,Inglis,Spykings,ispykingse4@cmu.edu,Male,Executive Secretary,Acoustic Guitar
510,Sascha,Mauchlen,smauchlene5@example.com,Non-binary,Staff Scientist,IATSE
511,Nils,Bayston,nbaystone6@loc.gov,Male,Staff Accountant I,VTR
512,Valle,Germann,vgermanne7@google.pl,Agender,Office Assistant III,RPG II
513,Byron,Thackham,bthackhame8@discuz.net,Male,Help Desk Operator,Medical Illustration
514,Cammy,Pestridge,cpestridgee9@biglobe.ne.jp,Female,Staff Scientist,RTF
515,Cher,Gates,cgatesea@dagondesign.com,Female,Design Engineer,Web Development
516,Benjamen,Callender,bcallendereb@vkontakte.ru,Male,Executive Secretary,Public Administration
517,Arline,Schleicher,aschleicherec@bloglines.com,Female,Biostatistician I,Key Person Insurance
518,Sheri,De Cleyne,sdecleyneed@quantcast.com,Female,Structural Engineer,Hardware Diagnostics
519,Bertram,Cullingford,bcullingfordee@springer.com,Male,Civil Engineer,Vulnerability Research
520,Tammara,Allsopp,tallsoppef@latimes.com,Female,Cost Accountant,OMB Circular A-133
521,Harlan,Fasson,hfassoneg@google.fr,Male,Geologist II,CBD
522,Del,Inchley,dinchleyeh@linkedin.com,Female,Biostatistician I,GFAAS
523,Tori,Pover,tpoverei@sourceforge.net,Female,Media Manager I,CG Lighting
524,Siffre,Stoacley,sstoacleyej@xing.com,Male,Mechanical Systems Engineer,Mobile Technology
525,Tammie,Stud,tstudek@angelfire.com,Male,Software Test Engineer I,Human Rights
526,Simon,Meyrick,smeyrickel@globo.com,Male,Cost Accountant,Affiliate Networks
527,Gaylor,Papez,gpapezem@tuttocitta.it,Male,Financial Analyst,Capacity Building
528,Normy,Ciardo,nciardoen@cbsnews.com,Male,Geological Engineer,Chi Kung
529,Hanni,Burgwin,hburgwineo@si.edu,Female,Chief Design Engineer,Erwin
530,Kris,Obispo,kobispoep@whitehouse.gov,Genderfluid,Editor,XBR
531,Isidore,Paoletto,ipaolettoeq@nasa.gov,Male,Biostatistician I,Observational Astronomy
532,Dicky,Bernt,dbernter@dell.com,Male,Junior Executive,ERP Implementations
533,Norton,Bircher,nbircheres@netscape.com,Male,Sales Representative,LTACH
534,Celie,Beaston,cbeastonet@upenn.edu,Female,Data Coordiator,Technical Support
535,Helene,Gimbart,hgimbarteu@eepurl.com,Female,Help Desk Technician,Concept HDL
536,Ira,Anning,ianningev@webs.com,Female,VP Sales,Nitric Oxide
537,Alene,Blakeslee,ablakesleeew@va.gov,Female,Staff Accountant II,Litigation
538,Bree,Bunch,bbunchex@constantcontact.com,Female,Quality Control Specialist,FrameMaker
539,Dorothy,Pratten,dpratteney@nbcnews.com,Female,Statistician I,Yearbook
540,Glendon,Jeffries,gjeffriesez@yellowbook.com,Male,Nurse Practicioner,Field Work
541,Melvyn,Leverson,mleversonf0@smugmug.com,Male,Director of Sales,CNAS
542,Marian,Maultby,mmaultbyf1@oaic.gov.au,Female,Nuclear Power Engineer,Interior Design
543,Nannie,Brennen,nbrennenf2@php.net,Female,Statistician I,JRuby
544,Consuela,Jackalin,cjackalinf3@posterous.com,Female,Account Coordinator,NVR
545,Janna,Coulthurst,jcoulthurstf4@nih.gov,Female,Research Nurse,Television
546,Zorana,Chapling,zchaplingf5@oakley.com,Female,Recruiter,Participant Observation
547,Virgie,Fisby,vfisbyf6@google.cn,Female,Staff Accountant II,TBB
548,Yank,Hadye,yhadyef7@bravesites.com,Male,Chemical Engineer,Nanotechnology
549,Chloris,Giannazzi,cgiannazzif8@about.com,Female,Compensation Analyst,TFTP
550,Kirsti,Schiell,kschiellf9@wiley.com,Female,Physical Therapy Assistant,Xpediter
551,Jessica,O'Gavin,jogavinfa@prnewswire.com,Female,Quality Engineer,Compensation &amp; Benefits
552,Susie,Ficken,sfickenfb@ezinearticles.com,Female,General Manager,Kitchen Remodeling
553,Pennie,McJarrow,pmcjarrowfc@cafepress.com,Male,VP Product Management,Helicopters
554,Babbette,Bertlin,bbertlinfd@apache.org,Bigender,Account Executive,Ambulance
555,Lovell,Devenport,ldevenportfe@craigslist.org,Male,Paralegal,PCP
556,Marigold,Alenichicov,malenichicovff@dedecms.com,Female,Design Engineer,CSPO
557,Allister,Aylott,aaylottfg@wsj.com,Male,Nuclear Power Engineer,Sustainable Design
558,Laurena,Bodham,lbodhamfh@narod.ru,Female,Project Manager,Embedded SQL
559,Horst,Aitken,haitkenfi@homestead.com,Male,Accounting Assistant III,PVElite
560,Lev,Seman,lsemanfj@washington.edu,Male,Senior Financial Analyst,FTPS
561,Cher,Domenici,cdomenicifk@goodreads.com,Female,Web Developer III,Jerseys
562,Devondra,Diem,ddiemfl@livejournal.com,Bigender,Sales Associate,Image Processing
563,Brade,Jado,bjadofm@livejournal.com,Male,Geologist II,Tk
564,Efren,Gribben,egribbenfn@hugedomains.com,Male,Pharmacist,WPS
565,Ralina,Oak,roakfo@go.com,Female,Financial Advisor,Functional Verification
566,Stanford,Blogg,sbloggfp@topsy.com,Male,Recruiter,Academic Tutoring
567,Quinlan,Marien,qmarienfq@mit.edu,Male,Speech Pathologist,Oracle OLAP
568,Carolyn,Quinion,cquinionfr@java.com,Female,Nurse Practicioner,Copywriting
569,Robin,Barwood,rbarwoodfs@reference.com,Male,General Manager,RWD Info Pak
570,Sammy,Harris,sharrisft@networkadvertising.org,Male,Social Worker,DDA
571,Hartley,Gribbell,hgribbellfu@ocn.ne.jp,Male,Design Engineer,LCL
572,Gertrude,de Tocqueville,gdetocquevillefv@biglobe.ne.jp,Female,Nurse Practicioner,BMP design
573,Sawyere,Fellman,sfellmanfw@gnu.org,Non-binary,VP Marketing,MVC Architecture
574,Pooh,Clunie,pcluniefx@bluehost.com,Male,Compensation Analyst,JavaBeans
575,Nikolas,Wilfinger,nwilfingerfy@chronoengine.com,Bigender,VP Quality Control,eGate
576,Basilius,Kobisch,bkobischfz@intel.com,Male,Design Engineer,TVPaint
577,Riannon,Schwand,rschwandg0@gnu.org,Female,Speech Pathologist,OTRS
578,Meggi,Tebbe,mtebbeg1@youtu.be,Genderfluid,Senior Financial Analyst,Branding
579,Pierce,Lingard,plingardg2@amazonaws.com,Male,VP Product Management,Umbilicals
580,Wanda,Shreeves,wshreevesg3@blog.com,Polygender,VP Accounting,Gyrokinesis
581,Leeanne,Rowswell,lrowswellg4@walmart.com,Female,Geologist III,Online Reputation Management
582,Milton,Caddock,mcaddockg5@over-blog.com,Male,Engineer I,WMI
583,Ave,Daymont,adaymontg6@craigslist.org,Male,Tax Accountant,Chi Nei Tsang
584,Denise,Ambroziak,dambroziakg7@hostgator.com,Female,VP Marketing,EE4
585,Keelby,Coller,kcollerg8@stumbleupon.com,Male,Occupational Therapist,Pipefitting
586,Carol-jean,Doohey,cdooheyg9@paginegialle.it,Female,Executive Secretary,LTE
587,Alida,MacMurray,amacmurrayga@engadget.com,Female,VP Product Management,DTI
588,Salvidor,Colquhoun,scolquhoungb@addthis.com,Male,VP Accounting,RTF
589,Lewes,Sutherland,lsutherlandgc@slideshare.net,Polygender,Staff Scientist,Oz Principle
590,Koralle,Aspole,kaspolegd@accuweather.com,Female,Quality Control Specialist,Niche Marketing
591,Winnah,Luty,wlutyge@engadget.com,Female,Senior Developer,MPEG-4
592,Elberta,Romer,eromergf@ocn.ne.jp,Female,Professor,BTS
593,Fredericka,Lyvon,flyvongg@gmpg.org,Female,Budget/Accounting Analyst IV,Small Business Marketing
594,Micki,Boas,mboasgh@adobe.com,Female,Pharmacist,DTA
595,Caralie,Beamiss,cbeamissgi@google.fr,Agender,Senior Developer,Nanofabrication
596,Paul,Gianolo,pgianologj@goodreads.com,Male,Paralegal,iPhone
597,Gloriane,Pabelik,gpabelikgk@bluehost.com,Female,Pharmacist,Slope Stability
598,Jerrie,Conyers,jconyersgl@360.cn,Male,Food Chemist,Aviation
599,Lillis,Jagielski,ljagielskigm@engadget.com,Female,Nurse,Kaledo
600,Sunny,Carlyon,scarlyongn@stanford.edu,Male,Paralegal,Food Industry
601,Tab,Frow,tfrowgo@github.com,Male,Administrative Officer,PPAP
602,Josee,Clayfield,jclayfieldgp@domainmarket.com,Female,Executive Secretary,Technical Documentation
603,Bambie,Favelle,bfavellegq@princeton.edu,Female,Community Outreach Specialist,MICROS
604,Dominique,Tindley,dtindleygr@bloglines.com,Male,Safety Technician II,Oversight
605,Chevalier,Widmoor,cwidmoorgs@microsoft.com,Male,Desktop Support Technician,RTOS
606,Merilyn,Shapira,mshapiragt@harvard.edu,Female,Systems Administrator III,Nortel DMS
607,Molli,Cancelier,mcanceliergu@360.cn,Female,Structural Engineer,HSIA
608,Drugi,Simonitto,dsimonittogv@taobao.com,Male,Actuary,gPROMS
609,Chrissy,Burroughes,cburroughesgw@vk.com,Male,Teacher,MDI
610,Toiboid,McIlwaine,tmcilwainegx@cargocollective.com,Male,Human Resources Assistant II,European Affairs
611,Enoch,Nelson,enelsongy@ning.com,Male,Food Chemist,nCloth
612,Henderson,Dungate,hdungategz@goodreads.com,Male,Human Resources Manager,Legal Assistance
613,Fanechka,O'Leagham,foleaghamh0@artisteer.com,Female,Product Engineer,Rugby
614,Shane,Mould,smouldh1@buzzfeed.com,Female,Assistant Professor,Surveillance
615,Shellie,Ioselevich,sioselevichh2@1und1.de,Female,Legal Assistant,SharePoint Server
616,Sherman,Franseco,sfransecoh3@histats.com,Agender,Senior Quality Engineer,Legal Liability
617,Livvyy,Major,lmajorh4@purevolume.com,Female,Graphic Designer,Kundalini Yoga
618,Puff,Eykelbosch,peykelboschh5@ted.com,Male,Senior Sales Associate,OLAP
619,Rica,Mandrier,rmandrierh6@arstechnica.com,Female,Statistician I,Epigenetics
620,Nora,Pavett,npavetth7@cocolog-nifty.com,Female,Senior Quality Engineer,Workforce Planning
621,Amelia,Rontsch,arontschh8@ezinearticles.com,Genderfluid,Community Outreach Specialist,CMS-1500
622,Sly,Hourston,shourstonh9@usda.gov,Male,Nuclear Power Engineer,SMTP
623,Martina,Ellit,mellitha@ed.gov,Female,Graphic Designer,VxFS
624,Cazzie,Heskins,cheskinshb@psu.edu,Bigender,Engineer I,DCF Valuation
625,Ethan,Scholard,escholardhc@bravesites.com,Male,Recruiter,Boilers
626,Carrol,Sang,csanghd@washington.edu,Male,Senior Financial Analyst,Gemba Kaizen
627,Orville,Spohr,ospohrhe@wordpress.com,Male,Environmental Specialist,Reaction Kinetics
628,Dave,Tremathack,dtremathackhf@cpanel.net,Male,Account Executive,NLB
629,Penny,Chasle,pchaslehg@themeforest.net,Male,Associate Professor,MDS 3.0
630,Amargo,Lindermann,alindermannhh@deviantart.com,Female,Director of Sales,Business Analysis
631,Frederica,Higgen,fhiggenhi@admin.ch,Female,Teacher,GPS Navigation
632,Craig,Kenningham,ckenninghamhj@time.com,Male,Programmer IV,Natural Resource Management
633,Gard,Incogna,gincognahk@paginegialle.it,Male,Automation Specialist IV,Norwegian
634,Bayard,Bumphries,bbumphrieshl@epa.gov,Male,Engineer I,ESL
635,Arty,Lyons,alyonshm@lulu.com,Male,Engineer III,SMT Kingdom
636,Johannes,Amorts,jamortshn@google.com.hk,Male,Design Engineer,MFC
637,Christie,Garcia,cgarciaho@chicagotribune.com,Male,Account Coordinator,Kyoto Protocol
638,Christina,Maasz,cmaaszhp@slideshare.net,Agender,Operator,Type 1 Diabetes
639,Erie,Bentson,ebentsonhq@nature.com,Male,Occupational Therapist,Operating Systems
640,Inglebert,Kunisch,ikunischhr@blogs.com,Male,Mechanical Systems Engineer,Medical Imaging
641,Lari,Mably,lmablyhs@harvard.edu,Non-binary,Structural Analysis Engineer,Aerospace Manufacturing
642,Linnie,Benneton,lbennetonht@cargocollective.com,Female,Recruiter,Tunnels
643,Cyndy,McCague,cmccaguehu@umich.edu,Female,Assistant Media Planner,CCNP Certified
644,Jasmina,Cantle,jcantlehv@bigcartel.com,Agender,Budget/Accounting Analyst II,PnL
645,Tiffy,Woollends,twoollendshw@ebay.co.uk,Female,Software Consultant,Small Business Marketing
646,Benedicto,Androck,bandrockhx@craigslist.org,Male,Teacher,Published Author
647,Roxanne,Barnhill,rbarnhillhy@studiopress.com,Female,Marketing Manager,RT-PCR
648,Garland,Critcher,gcritcherhz@utexas.edu,Female,Executive Secretary,FpML
649,Hayley,Vogeler,hvogeleri0@examiner.com,Female,Analyst Programmer,KNX
650,Shelagh,Brunet,sbruneti1@spotify.com,Female,Web Designer II,IDX
651,Lauritz,Cuffin,lcuffini2@xing.com,Male,Account Executive,AAAHC
652,Amie,Buzine,abuzinei3@hc360.com,Genderfluid,Web Developer IV,IT Governance
653,Herschel,Uttley,huttleyi4@nsw.gov.au,Male,Web Designer IV,Youth Marketing
654,Vivia,Prover,vproveri5@ustream.tv,Agender,Senior Editor,TNCC
655,Hermia,Cramond,hcramondi6@google.com,Female,Human Resources Manager,Quality by Design
656,Moishe,Scurfield,mscurfieldi7@hostgator.com,Male,Technical Writer,Kyphoplasty
657,Maggi,Townsend,mtownsendi8@wired.com,Bigender,Senior Quality Engineer,Community Outreach
658,Vicki,Babington,vbabingtoni9@google.co.jp,Female,VP Sales,Scanning Electron Microscopy
659,Jarrid,Muscott,jmuscottia@msu.edu,Male,Information Systems Manager,VDM
660,Gwyn,Castilljo,gcastilljoib@utexas.edu,Female,Librarian,IFR
661,Robb,Crosby,rcrosbyic@shutterfly.com,Bigender,Librarian,Twitter
662,Sharon,Cearley,scearleyid@creativecommons.org,Female,Editor,MPLS VPN
663,Bellanca,Dodsley,bdodsleyie@springer.com,Female,Mechanical Systems Engineer,GC-FID
664,Amabel,Forsaith,aforsaithif@eventbrite.com,Female,Account Coordinator,SGML
665,Vin,Buxam,vbuxamig@biblegateway.com,Male,Legal Assistant,Top Secret
666,Emlyn,Aikenhead,eaikenheadih@phpbb.com,Male,Desktop Support Technician,CWNA
667,Griselda,Yepiskopov,gyepiskopovii@storify.com,Female,Database Administrator I,Amazon EBS
668,Dalenna,Stutte,dstutteij@eventbrite.com,Female,Dental Hygienist,Yield Management
669,Tandie,Ibert,tibertik@buzzfeed.com,Female,Financial Analyst,XOG
670,Mercy,Iohananof,miohananofil@hc360.com,Bigender,Executive Secretary,Aerospace Industries
671,Felita,Banbrick,fbanbrickim@vk.com,Female,Statistician I,SAP PS
672,Eduard,Dearth,edearthin@thetimes.co.uk,Male,Executive Secretary,VST
673,Priscilla,Giacomo,pgiacomoio@goo.ne.jp,Genderfluid,Internal Auditor,Snoring
674,Janot,Bruckstein,jbrucksteinip@360.cn,Female,Engineer IV,Eastern Europe
675,Oby,Baudino,obaudinoiq@mtv.com,Male,Structural Engineer,Blogger
676,Stanislas,Craiker,scraikerir@chicagotribune.com,Male,Human Resources Manager,Aircraft Systems
677,Dina,Veschambre,dveschambreis@cbc.ca,Female,Electrical Engineer,Vocational Rehabilitation
678,Demetre,Orrock,dorrockit@miitbeian.gov.cn,Male,Senior Sales Associate,OEE
679,Waylon,Caldeiro,wcaldeiroiu@washington.edu,Male,Data Coordiator,QuickBooks
680,Harley,Maunder,hmaunderiv@4shared.com,Male,Junior Executive,PTFE
681,Aldus,Gillbey,agillbeyiw@liveinternet.ru,Male,Professor,Rock Climbing
682,Murry,Kingescot,mkingescotix@vistaprint.com,Male,Human Resources Assistant I,Real Estate Due Diligence
683,Sharlene,Dobbing,sdobbingiy@wordpress.org,Female,VP Accounting,OLEDs
684,Keriann,Eloi,keloiiz@merriam-webster.com,Female,Geologist I,Pensions
685,Edna,Medgewick,emedgewickj0@twitter.com,Female,Junior Executive,SNMP
686,Sonnnie,Getch,sgetchj1@washingtonpost.com,Female,Payment Adjustment Coordinator,SDL
687,Hali,Kapiloff,hkapiloffj2@cmu.edu,Female,Engineer II,Rooms Division
688,Rinaldo,Keel,rkeelj3@cmu.edu,Male,Staff Accountant IV,Routers
689,Manya,Boshers,mboshersj4@ycombinator.com,Bigender,Executive Secretary,Corporate Communications
690,Pryce,Norssister,pnorssisterj5@liveinternet.ru,Genderqueer,Accountant III,Canon DSLR
691,Carita,Sill,csillj6@w3.org,Female,Help Desk Operator,RTK
692,Tudor,Steele,tsteelej7@slate.com,Male,Community Outreach Specialist,Cvent
693,Codie,Smail,csmailj8@scientificamerican.com,Male,Dental Hygienist,TSRM
694,Florenza,Paolinelli,fpaolinellij9@aol.com,Female,Help Desk Technician,eBay
695,Rahal,Huggen,rhuggenja@amazon.co.uk,Female,GIS Technical Architect,Strategic Sourcing
696,Frederica,Elmar,felmarjb@vkontakte.ru,Female,Systems Administrator III,IV
697,Demetri,Sivyour,dsivyourjc@usnews.com,Male,Database Administrator IV,PVR
698,Bank,Ferschke,bferschkejd@dion.ne.jp,Male,Office Assistant II,Wellbeing
699,Brigida,Klehyn,bklehynje@tinyurl.com,Female,Biostatistician IV,RTL Design
700,Lucio,Moorman,lmoormanjf@pbs.org,Male,Nuclear Power Engineer,IBM AIX
701,Luz,Crombleholme,lcrombleholmejg@cbc.ca,Female,General Manager,Urban Planning
702,Taylor,Astall,tastalljh@msu.edu,Male,Data Coordiator,Electrical Controls
703,Joseito,Fendlen,jfendlenji@webnode.com,Male,Office Assistant I,Pyxis
704,Zonnya,Forte,zfortejj@e-recht24.de,Female,Engineer II,Document Management
705,Ayn,Willingam,awillingamjk@jiathis.com,Non-binary,Librarian,VMI
706,Willi,Jarrette,wjarrettejl@deliciousdays.com,Male,Associate Professor,TGA
707,Carol,Marielle,cmariellejm@unicef.org,Female,Tax Accountant,Sales
708,Glenden,Mackley,gmackleyjn@pinterest.com,Male,Mechanical Systems Engineer,Kyocera
709,Eugenio,Beinke,ebeinkejo@sun.com,Male,Social Worker,CTC
710,Eadmund,Gerren,egerrenjp@ovh.net,Male,Web Developer I,NRP
711,Shantee,Ronaldson,sronaldsonjq@cdbaby.com,Female,Recruiting Manager,IGBT
712,Sonny,Everil,severiljr@discuz.net,Female,Structural Analysis Engineer,Identity Management
713,Ethelyn,Odgaard,eodgaardjs@japanpost.jp,Female,Payment Adjustment Coordinator,VMware
714,Shannon,Mitchel,smitcheljt@europa.eu,Male,Sales Representative,TSO
715,Emelita,Compton,ecomptonju@businessweek.com,Female,Nuclear Power Engineer,Legal Writing
716,Kelly,Odde,koddejv@sun.com,Female,Web Designer I,SSBI
717,Jennie,Joontjes,jjoontjesjw@hugedomains.com,Female,GIS Technical Architect,Commercial Awareness
718,Deborah,Vakhrushev,dvakhrushevjx@blog.com,Agender,GIS Technical Architect,GSLC
719,Morty,Northwood,mnorthwoodjy@walmart.com,Male,Associate Professor,Software Implementation
720,Dorothee,Cribbott,dcribbottjz@noaa.gov,Female,Help Desk Operator,VLSI CAD
721,Ewell,Maleham,emalehamk0@over-blog.com,Male,Tax Accountant,ePub
722,Lucas,d'Escoffier,ldescoffierk1@hao123.com,Male,Office Assistant IV,Fashion Design
723,Carmelia,Hartfleet,chartfleetk2@google.com,Female,Chief Design Engineer,Key Performance Indicators
724,Marley,Ironmonger,mironmongerk3@theatlantic.com,Female,Senior Cost Accountant,NI LabVIEW
725,Clary,Padrick,cpadrickk4@google.com.hk,Female,Quality Control Specialist,e-QIP
726,Spence,Ackwood,sackwoodk5@e-recht24.de,Male,Occupational Therapist,MBAL
727,Milty,Sabbin,msabbink6@nhs.uk,Male,Desktop Support Technician,Digital TV
728,Burg,Howlett,bhowlettk7@techcrunch.com,Male,Statistician I,DNS
729,Alexandros,Fessby,afessbyk8@naver.com,Male,Media Manager II,Pediatrics
730,Halsy,Bonhomme,hbonhommek9@businesswire.com,Male,Teacher,DMEDI
731,Steward,Hulcoop,shulcoopka@army.mil,Male,Pharmacist,Unreal Engine 3
732,Rafaelita,Oulet,rouletkb@vinaora.com,Female,Research Assistant IV,Air Quality
733,Jennilee,Illiston,jillistonkc@prnewswire.com,Bigender,Analyst Programmer,HCM Processes &amp; Forms
734,Jarad,Woodyeare,jwoodyearekd@google.nl,Male,Account Executive,Analytical Chemistry
735,Erv,Sidry,esidryke@netvibes.com,Male,Accountant II,CMMS
736,Manuel,Burchmore,mburchmorekf@naver.com,Male,Financial Advisor,EPC
737,Risa,Stranieri,rstranierikg@123-reg.co.uk,Female,Civil Engineer,TCD
738,Devy,Goldsack,dgoldsackkh@ft.com,Bigender,Accounting Assistant I,Talent Acquisition
739,Wilburt,Trobridge,wtrobridgeki@china.com.cn,Male,Librarian,Yields
740,Kristofer,O' Cloney,kocloneykj@google.co.jp,Male,Account Representative II,Cuisine
741,Vite,Laurenz,vlaurenzkk@typepad.com,Male,Safety Technician III,Behavior Management
742,Hewet,Noraway,hnorawaykl@lulu.com,Male,Analog Circuit Design manager,Power Utilities
743,Marti,Odd,moddkm@cafepress.com,Female,Account Representative I,DLP
744,Norbie,Pilipyak,npilipyakkn@imgur.com,Bigender,Nurse,Eye Surgery
745,Norbert,Adlard,nadlardko@a8.net,Male,Sales Associate,Raw Materials
746,Horatio,Smewings,hsmewingskp@w3.org,Male,Tax Accountant,Athletics
747,Klaus,Rimes,krimeskq@timesonline.co.uk,Male,Junior Executive,Kaspersky Antivirus
748,Ade,Denny,adennykr@example.com,Male,Geological Engineer,Security Awareness
749,Ami,Broddle,abroddleks@msn.com,Female,Structural Engineer,Healthcare Information Technology
750,Eunice,Harrowell,eharrowellkt@sakura.ne.jp,Female,Recruiter,LLC
751,Tony,Dunsmuir,tdunsmuirku@slashdot.org,Female,Administrative Assistant I,Hiring
752,Florence,Moorfield,fmoorfieldkv@barnesandnoble.com,Female,Dental Hygienist,PTF
753,Shell,Barszczewski,sbarszczewskikw@acquirethisname.com,Female,Pharmacist,JDF
754,Hattie,Tattersill,htattersillkx@etsy.com,Female,Professor,TMF
755,Welch,Gianetti,wgianettiky@mayoclinic.com,Male,Cost Accountant,QRadar
756,Cassandry,Brockington,cbrockingtonkz@xrea.com,Female,Software Test Engineer I,Fashion Illustration
757,Bondon,Balderson,bbaldersonl0@cocolog-nifty.com,Male,Human Resources Assistant IV,End User Training
758,Hartley,Eeles,heelesl1@phoca.cz,Male,Statistician II,Risk Assessment
759,Wendye,Polini,wpolinil2@stumbleupon.com,Female,GIS Technical Architect,CMake
760,Ida,Myrie,imyriel3@nsw.gov.au,Genderfluid,Human Resources Assistant II,Btrieve
761,Heloise,Byatt,hbyattl4@desdev.cn,Agender,Assistant Media Planner,Ideas Development
762,Nickey,Zannini,nzanninil5@yellowpages.com,Male,Geologist I,xPression
763,Napoleon,Craythorne,ncraythornel6@mashable.com,Male,Research Assistant I,GPS Navigation
764,Marley,MacTurlough,mmacturloughl7@house.gov,Female,Junior Executive,IXOS
765,Nonie,Dickons,ndickonsl8@jiathis.com,Female,Actuary,Capital IQ
766,Geri,Strother,gstrotherl9@japanpost.jp,Male,Health Coach III,JSF
767,Kora,Fransseni,kfranssenila@github.io,Female,Automation Specialist II,TFT
768,Marybelle,Wainer,mwainerlb@ebay.co.uk,Female,Web Developer III,First Aid
769,Vernen,Seefus,vseefuslc@foxnews.com,Male,Marketing Manager,Zines
770,Goddard,Beardwood,gbeardwoodld@scribd.com,Male,Business Systems Development Analyst,GPS Applications
771,Merola,Proughten,mproughtenle@google.es,Female,Analyst Programmer,BTLS
772,Tad,Monni,tmonnilf@si.edu,Male,Associate Professor,mLearning
773,Maribeth,Castagneri,mcastagnerilg@comsenz.com,Female,Quality Control Specialist,SGML
774,Greggory,Cloonan,gcloonanlh@bing.com,Male,Legal Assistant,Luxury Goods
775,Zebadiah,Cowley,zcowleyli@samsung.com,Male,Automation Specialist II,Scripting
776,Lucien,Mawson,lmawsonlj@sciencedirect.com,Male,Help Desk Technician,NICE Call Recording
777,Theo,Troni,ttronilk@apache.org,Female,Media Manager I,IES VE
778,Reinaldo,Miell,rmiellll@hexun.com,Male,Senior Editor,Year-end Close
779,Maurie,Spivey,mspiveylm@spiegel.de,Male,Recruiter,Zoology
780,Silvie,Fink,sfinkln@printfriendly.com,Female,Computer Systems Analyst II,AQL
781,Lyle,Wenham,lwenhamlo@over-blog.com,Male,Database Administrator I,Acute Care
782,Vitia,Freckleton,vfreckletonlp@prlog.org,Female,Librarian,Charitable Giving
783,Tom,Dayton,tdaytonlq@jugem.jp,Male,Account Coordinator,Yarn
784,Renado,Clough,rcloughlr@blogs.com,Male,Safety Technician II,FF&amp;E
785,Loren,Spender,lspenderls@flickr.com,Non-binary,Speech Pathologist,HGV
786,Jamie,Ibbitt,jibbittlt@zdnet.com,Male,Quality Engineer,Performance Tuning
787,Austen,Eddy,aeddylu@upenn.edu,Male,Clinical Specialist,RUP
788,Fey,McDougald,fmcdougaldlv@sourceforge.net,Female,Automation Specialist IV,Visual Studio
789,Reba,Wringe,rwringelw@umn.edu,Female,Health Coach II,iWork
790,Gael,Baldassi,gbaldassilx@msu.edu,Female,Software Consultant,IIS
791,Melodie,Wylie,mwyliely@intel.com,Female,Internal Auditor,Entertainment
792,Carree,Connors,cconnorslz@wikimedia.org,Female,Senior Financial Analyst,gPROMS
793,Tailor,Millwater,tmillwaterm0@techcrunch.com,Male,Paralegal,vShield
794,Lacy,Suller,lsullerm1@howstuffworks.com,Female,Software Consultant,FW
795,Phillip,Handmore,phandmorem2@nydailynews.com,Male,Civil Engineer,Underscore.js
796,Clarie,Bougen,cbougenm3@comsenz.com,Female,Accounting Assistant I,DFS
797,Elnar,Greaser,egreaserm4@de.vu,Male,Marketing Manager,DSLAM
798,Lelah,Lieber,llieberm5@mediafire.com,Female,Dental Hygienist,EHS
799,Angus,Crandon,acrandonm6@prnewswire.com,Male,Health Coach I,Managed Services
800,Melvyn,Foxten,mfoxtenm7@sourceforge.net,Bigender,Desktop Support Technician,Solaris Zones
801,Phillis,Oubridge,poubridgem8@dell.com,Bigender,Editor,Clinical Nutrition
802,Sayres,O'Doogan,sodooganm9@bloglines.com,Male,Help Desk Operator,Outsourcing
803,Hanni,Balazot,hbalazotma@com.com,Genderqueer,Budget/Accounting Analyst I,JProfiler
804,Darrelle,Hatto,dhattomb@twitpic.com,Female,Senior Cost Accountant,3D Visualization
805,Bradley,Gusney,bgusneymc@msu.edu,Male,Paralegal,Academic Advising
806,Jenna,Lody,jlodymd@webnode.com,Female,Chief Design Engineer,Yearbook
807,Con,Willoway,cwillowayme@rediff.com,Female,Human Resources Assistant II,CSS
808,Reuben,Burditt,rburdittmf@pagesperso-orange.fr,Male,Engineer I,JDE One World
809,Auroora,Orrom,aorrommg@people.com.cn,Female,Help Desk Operator,DMS-100
810,Colby,Dodshun,cdodshunmh@cafepress.com,Male,Paralegal,DMT
811,Elnore,Matous,ematousmi@cbc.ca,Female,Occupational Therapist,BDMS
812,Aleta,Genever,agenevermj@dyndns.org,Female,Database Administrator III,DMZ
813,Egbert,Filde,efildemk@lycos.com,Male,Project Manager,Rural Development
814,Kerry,Nugent,knugentml@jigsy.com,Male,Environmental Tech,LabWindows/CVI
815,Netta,Gipp,ngippmm@pagesperso-orange.fr,Female,Civil Engineer,Octave
816,Rees,Jiru,rjirumn@netscape.com,Male,Administrative Officer,Uzbek
817,Doti,Skirrow,dskirrowmo@google.com,Female,Pharmacist,WinForms
818,Augustina,Salmons,asalmonsmp@opensource.org,Female,Safety Technician II,Xactly
819,Miller,Evetts,mevettsmq@wikispaces.com,Male,Account Executive,wxWidgets
820,Gilda,Meace,gmeacemr@stumbleupon.com,Female,VP Marketing,Homeland Security
821,Clem,Gotch,cgotchms@springer.com,Male,Community Outreach Specialist,WML
822,Dallis,Sanzio,dsanziomt@oaic.gov.au,Male,Registered Nurse,Background Checks
823,Erastus,Blenkhorn,eblenkhornmu@51.la,Male,Mechanical Systems Engineer,WCB
824,Vinni,Langland,vlanglandmv@zimbio.com,Female,Help Desk Technician,EIGRP
825,Carie,Heinicke,cheinickemw@skype.com,Female,Tax Accountant,Green Building
826,Essy,Nutley,enutleymx@infoseek.co.jp,Female,Senior Developer,YUM
827,Aron,Brundale,abrundalemy@tumblr.com,Male,Librarian,xPON
828,Frances,Bucher,fbuchermz@paypal.com,Female,Research Nurse,DV
829,Truman,Newdick,tnewdickn0@unc.edu,Genderfluid,Structural Engineer,IWR
830,Elysee,Zmitrovich,ezmitrovichn1@behance.net,Female,Senior Financial Analyst,Language Teaching
831,Patrice,Routhorn,prouthornn2@godaddy.com,Non-binary,Operator,Start-ups Management
832,Adda,Hayworth,ahayworthn3@livejournal.com,Genderqueer,Social Worker,MMORPG
833,Hakeem,Nassi,hnassin4@naver.com,Male,Quality Engineer,iOS Development
834,Giselle,Ogles,goglesn5@apache.org,Female,Safety Technician III,SCADA
835,Rickey,Gockeler,rgockelern6@dedecms.com,Male,Desktop Support Technician,Zmap
836,Brittne,Martusov,bmartusovn7@bravesites.com,Female,Account Executive,Civil Rights
837,Ives,Shillinglaw,ishillinglawn8@dmoz.org,Male,Paralegal,Luxury Homes
838,Marylin,Brigg,mbriggn9@timesonline.co.uk,Female,Assistant Media Planner,TSW
839,Danyette,Debrick,ddebrickna@twitpic.com,Female,Environmental Tech,360 Feedback
840,Dannie,Hansbury,dhansburynb@who.int,Female,Engineer III,Supply Chain Management
841,Cello,Geroldini,cgeroldininc@godaddy.com,Male,Recruiter,Zotero
842,Nat,Jakoub,njakoubnd@nifty.com,Female,Associate Professor,Nanomaterials
843,Querida,Chaney,qchaneyne@cam.ac.uk,Genderfluid,Legal Assistant,Planning
844,Millicent,O'Keevan,mokeevannf@bing.com,Female,Business Systems Development Analyst,QPS
845,Chen,Breacher,cbreacherng@github.io,Male,Research Assistant I,IRI
846,Julie,Callear,jcallearnh@yelp.com,Male,Design Engineer,Ufile
847,Pacorro,Natalie,pnatalieni@networksolutions.com,Genderfluid,Sales Representative,Security Clearance
848,Rasla,Beneix,rbeneixnj@last.fm,Female,Food Chemist,Football
849,Jaimie,Cargenven,jcargenvennk@wikipedia.org,Male,Executive Secretary,VDI
850,Rheba,Mishaw,rmishawnl@reference.com,Female,Actuary,SAP BPM
851,Christan,Breeze,cbreezenm@si.edu,Female,Technical Writer,GS1
852,Seka,Kerswell,skerswellnn@paginegialle.it,Female,Quality Control Specialist,MMA
853,Cherlyn,Ahrendsen,cahrendsenno@mashable.com,Female,Mechanical Systems Engineer,Group Therapy
854,Janifer,Diboll,jdibollnp@hp.com,Female,Marketing Assistant,Two-way Radio
855,Alysia,Alpe,aalpenq@squarespace.com,Female,Media Manager I,Real Estate Economics
856,Franciska,Kernaghan,fkernaghannr@nytimes.com,Female,Sales Representative,Volunteer Recruiting
857,Waring,Bernocchi,wbernocchins@people.com.cn,Male,Data Coordiator,PMBOK
858,Conny,Baddam,cbaddamnt@slideshare.net,Male,Internal Auditor,CTD
859,Silvio,Vedeneev,svedeneevnu@youtube.com,Male,Human Resources Manager,Military Experience
860,Alley,Schonfeld,aschonfeldnv@domainmarket.com,Male,Nurse,CTAs
861,Malvina,Parish,mparishnw@gov.uk,Female,Senior Sales Associate,RLU
862,Luz,Arnal,larnalnx@eventbrite.com,Female,Teacher,Options
863,Loralyn,Bartleet,lbartleetny@is.gd,Female,Accountant I,Pro Tools
864,Hayley,Rickasse,hrickassenz@sogou.com,Female,Editor,HW development
865,Fonz,Bernhardt,fbernhardto0@goo.ne.jp,Male,Analyst Programmer,DVB-S
866,Brockie,Sissens,bsissenso1@nationalgeographic.com,Male,Chemical Engineer,Glassfish
867,Merill,Reiglar,mreiglaro2@geocities.jp,Male,Help Desk Technician,Java RMI
868,Jourdain,Atlay,jatlayo3@blogger.com,Male,Accountant IV,IEP
869,Jennine,Geere,jgeereo4@lycos.com,Female,Analog Circuit Design manager,International Sales
870,Nari,Lefley,nlefleyo5@blogspot.com,Female,Paralegal,DBWorks
871,Estel,Enrico,eenricoo6@alexa.com,Genderqueer,Administrative Officer,Jenark
872,Wyndham,Yorke,wyorkeo7@ucoz.com,Male,Media Manager II,LDA
873,Carlene,Goneau,cgoneauo8@reuters.com,Bigender,Office Assistant II,Hiring
874,Carolus,Rother,crothero9@phoca.cz,Male,Structural Engineer,KML
875,Egbert,Scothorne,escothorneoa@xrea.com,Male,Information Systems Manager,RCM
876,Missy,Mabbe,mmabbeob@edublogs.org,Female,Systems Administrator I,DLPAR
877,Zola,Almon,zalmonoc@elpais.com,Genderqueer,Help Desk Operator,SSAE 16
878,Dawna,Cordelette,dcordeletteod@comsenz.com,Female,Safety Technician II,HW development
879,Rory,Sonner,rsonneroe@yelp.com,Male,Executive Secretary,TPP
880,Gawain,Cleevely,gcleevelyof@cbslocal.com,Male,Nurse,Umbilicals
881,Karin,Robardley,krobardleyog@freewebs.com,Female,Financial Advisor,Allergic Rhinitis
882,Pancho,Alastair,palastairoh@nyu.edu,Male,Chemical Engineer,CQM
883,Karlotta,Lyddiard,klyddiardoi@simplemachines.org,Female,Quality Engineer,DDoS Mitigation
884,Corri,Ryall,cryalloj@dyndns.org,Female,Director of Sales,International Trade
885,Vickie,Pharo,vpharook@xrea.com,Female,Senior Sales Associate,RSVP
886,Kellina,Peabody,kpeabodyol@csmonitor.com,Female,Desktop Support Technician,Key Account Management
887,Pauletta,Jessen,pjessenom@cbsnews.com,Female,Help Desk Operator,Systems Engineering
888,Salomo,Negus,sneguson@list-manage.com,Male,Executive Secretary,Embedded Software
889,Godiva,Noden,gnodenoo@github.com,Female,Human Resources Manager,Yard Work
890,Wolf,Basnall,wbasnallop@intel.com,Male,Community Outreach Specialist,FDICIA
891,Con,Leadley,cleadleyoq@simplemachines.org,Male,Associate Professor,Psychiatry
892,Konstantine,Corbould,kcorbouldor@mysql.com,Male,Sales Associate,Image Processing
893,Cordy,Perillio,cperillioos@w3.org,Female,Web Designer III,XRF
894,Kaye,Brunroth,kbrunrothot@youtube.com,Female,Senior Editor,Human Anatomy
895,Carrol,Woodcock,cwoodcockou@liveinternet.ru,Male,Recruiter,Sage 300 ERP
896,Hillel,Rendbaek,hrendbaekov@netvibes.com,Male,Account Coordinator,Underwriting
897,Whitman,Braine,wbraineow@princeton.edu,Male,General Manager,Wind
898,Giacomo,Forsyde,gforsydeox@exblog.jp,Male,Computer Systems Analyst I,Private Events
899,Cody,Denisyev,cdenisyevoy@fc2.com,Male,Web Designer III,WS
900,Allie,Buesnel,abuesneloz@php.net,Male,Staff Accountant II,iFix
901,Mateo,Fomichkin,mfomichkinp0@51.la,Polygender,Graphic Designer,Visio
902,Aggi,Whacket,awhacketp1@accuweather.com,Female,Automation Specialist III,Tablet PC
903,Hannie,Milsap,hmilsapp2@flavors.me,Female,Financial Advisor,XaaS
904,Beau,Oman,bomanp3@youtu.be,Agender,Sales Associate,SFX Editing
905,Janot,Croutear,jcroutearp4@bigcartel.com,Female,Project Manager,FTL
906,Eamon,Rudinger,erudingerp5@hhs.gov,Genderqueer,Quality Control Specialist,Hygiene
907,Loren,Aucourte,laucourtep6@craigslist.org,Male,Analyst Programmer,Art Exhibitions
908,Earlie,Gerriet,egerrietp7@epa.gov,Male,Social Worker,QI
909,Stevy,Killelea,skilleleap8@tiny.cc,Bigender,Research Nurse,Business Rules
910,Arline,Snuggs,asnuggsp9@merriam-webster.com,Female,Senior Editor,NHibernate
911,Byrom,Summerscales,bsummerscalespa@answers.com,Male,Chief Design Engineer,RPOs
912,Vaughn,Fernehough,vfernehoughpb@opera.com,Male,Account Coordinator,Functional Verification
913,Conant,Assard,cassardpc@usda.gov,Male,Systems Administrator IV,Apache ZooKeeper
914,Annnora,Seifert,aseifertpd@nps.gov,Female,Statistician IV,Luxury Lifestyle
915,Beverly,Jedrzejkiewicz,bjedrzejkiewiczpe@theatlantic.com,Female,Accounting Assistant II,SAP BPC
916,Darice,Crumley,dcrumleypf@usa.gov,Female,Director of Sales,CQE
917,Tally,Chadband,tchadbandpg@tripod.com,Male,Account Coordinator,21 CFR
918,Yale,Tavener,ytavenerph@boston.com,Male,Associate Professor,PFT
919,Mylo,Goldsby,mgoldsbypi@1und1.de,Male,Senior Sales Associate,IEC 62304
920,Hugibert,Hort,hhortpj@geocities.jp,Male,Paralegal,Top Secret
921,Katrina,Mathwin,kmathwinpk@ameblo.jp,Female,Help Desk Technician,VTK
922,Bunni,Denyukin,bdenyukinpl@apache.org,Female,Account Executive,Jimmy Jib
923,Mirilla,Glader,mgladerpm@ucoz.ru,Female,Executive Secretary,CWSP
924,Pren,Wear,pwearpn@omniture.com,Male,Programmer IV,DFT
925,Shantee,Tomkins,stomkinspo@opensource.org,Female,Occupational Therapist,VMware Server
926,Ailyn,MacMenamy,amacmenamypp@wikispaces.com,Female,Structural Analysis Engineer,AXE
927,Charles,Rochford,crochfordpq@studiopress.com,Male,Tax Accountant,Aluminum
928,Gussi,Rump,grumppr@discovery.com,Female,Software Engineer IV,CCU
929,Joyan,Slogrove,jslogroveps@cmu.edu,Female,Staff Accountant IV,Glaucoma
930,Pepita,Murty,pmurtypt@wsj.com,Female,Quality Control Specialist,Nonprofits
931,Davida,Badger,dbadgerpu@un.org,Female,Media Manager II,HCS12
932,Nita,Gartrell,ngartrellpv@ox.ac.uk,Female,Operator,Digital TV
933,Raphael,Seabright,rseabrightpw@oaic.gov.au,Male,Data Coordiator,RF
934,Barb,Vause,bvausepx@techcrunch.com,Female,VP Quality Control,Guitar
935,Rosalynd,Sandon,rsandonpy@samsung.com,Female,Community Outreach Specialist,IaaS
936,Katalin,Schwanden,kschwandenpz@list-manage.com,Female,Occupational Therapist,Durable Medical Equipment
937,Toni,Murkus,tmurkusq0@harvard.edu,Female,Nuclear Power Engineer,Bands
938,Rorke,Danielian,rdanielianq1@multiply.com,Male,Administrative Officer,LDA
939,Dodie,Finlan,dfinlanq2@so-net.ne.jp,Genderfluid,Staff Scientist,XAMPP
940,Wenona,Brittain,wbrittainq3@issuu.com,Female,Developer II,MySQL
941,Addia,MacWhirter,amacwhirterq4@freewebs.com,Female,Environmental Specialist,NDS
942,Salome,Theml,sthemlq5@mashable.com,Female,Senior Cost Accountant,Leave of Absence
943,Gallard,Strettell,gstrettellq6@geocities.com,Male,Sales Representative,Sony HDV
944,Etienne,Van T'Hoog,evanthoogq7@surveymonkey.com,Male,VP Marketing,Zsh
945,Coletta,Brolan,cbrolanq8@ycombinator.com,Female,Internal Auditor,MHP
946,Noe,Pawel,npawelq9@bizjournals.com,Male,Technical Writer,Contemporary Art
947,Fiann,Carruthers,fcarruthersqa@omniture.com,Female,Accountant IV,Universal Life
948,Harman,Lardner,hlardnerqb@stanford.edu,Male,Graphic Designer,FSI
949,Theodor,Pyatt,tpyattqc@g.co,Male,Research Associate,NGS
950,Daryle,Utterson,duttersonqd@1688.com,Male,Software Consultant,IBM AIX
951,Lief,Strowger,lstrowgerqe@miitbeian.gov.cn,Male,Assistant Professor,Omgeo Oasys
952,Melinda,Sammut,msammutqf@census.gov,Female,Actuary,Sickness Absence Management
953,Auberta,Yanyushkin,ayanyushkinqg@unc.edu,Genderqueer,VP Accounting,IP Cameras
954,Umberto,Lilley,ulilleyqh@smh.com.au,Male,Payment Adjustment Coordinator,DMVPN
955,Birk,Rosin,brosinqi@facebook.com,Male,Environmental Specialist,Product Knowledge
956,Evan,Fere,efereqj@disqus.com,Male,Nurse Practicioner,IA32
957,Fowler,Kwietek,fkwietekqk@netlog.com,Male,Clinical Specialist,RMF
958,Ara,Vauls,avaulsql@behance.net,Male,Payment Adjustment Coordinator,SQL PL
959,Colleen,Cowdry,ccowdryqm@usnews.com,Bigender,Staff Accountant II,XPlanner
960,Cleveland,Frostdyke,cfrostdykeqn@wix.com,Male,Office Assistant II,RTK
961,Farra,Hesbrook,fhesbrookqo@disqus.com,Female,Structural Engineer,OSPF
962,Giles,Hauxby,ghauxbyqp@theglobeandmail.com,Male,Sales Associate,DVT
963,Jedidiah,Vaudrey,jvaudreyqq@prnewswire.com,Male,Actuary,Google Adwords
964,Toiboid,Ambrosetti,tambrosettiqr@utexas.edu,Male,Occupational Therapist,Attorneys
965,Cassandre,Cleyne,ccleyneqs@tiny.cc,Female,VP Accounting,Xsan
966,Marnie,Tollemache,mtollemacheqt@pcworld.com,Female,Legal Assistant,Technical Documentation
967,Gasparo,Parris,gparrisqu@google.com.au,Male,Statistician II,Switches
968,Kerr,Osburn,kosburnqv@intel.com,Male,Safety Technician III,RSA Security
969,Andromache,Rackam,arackamqw@clickbank.net,Female,VP Product Management,DMX
970,Benedikta,Buckby,bbuckbyqx@oaic.gov.au,Female,Teacher,BMC Remedy Administration
971,Evvy,Tran,etranqy@yahoo.co.jp,Female,Clinical Specialist,DPR
972,Lanita,Bussel,lbusselqz@taobao.com,Female,Desktop Support Technician,JVC
973,Daryl,Waight,dwaightr0@timesonline.co.uk,Male,Account Executive,Xinet
974,Tanner,Abrahamsson,tabrahamssonr1@cbc.ca,Male,VP Accounting,FSI
975,Mellisa,Blowfelde,mblowfelder2@nsw.gov.au,Female,Senior Editor,Xplan
976,Dominic,Chastey,dchasteyr3@ted.com,Male,Occupational Therapist,MVS
977,Sarina,Adran,sadranr4@diigo.com,Female,Human Resources Manager,TSRM
978,Derick,McGavigan,dmcgaviganr5@creativecommons.org,Male,Director of Sales,OLEDB
979,Sigvard,Maywood,smaywoodr6@amazon.de,Male,Civil Engineer,CME
980,Yul,Tenney,ytenneyr7@last.fm,Male,VP Product Management,Curriculum Design
981,Westley,Verling,wverlingr8@example.com,Male,Research Associate,DMT
982,Isahella,Cannam,icannamr9@zdnet.com,Female,Analog Circuit Design manager,Ultra Low Latency
983,Tamara,Barensky,tbarenskyra@ucla.edu,Female,Database Administrator III,Windows Server
984,Mariellen,Thackeray,mthackerayrb@comsenz.com,Genderqueer,Director of Sales,PVSyst
985,Madalena,Dimberline,mdimberlinerc@drupal.org,Female,Clinical Specialist,Eaglesoft
986,Bobbie,Grinley,bgrinleyrd@shinystat.com,Male,Director of Sales,HAZOP Study
987,Eamon,Quene,equenere@ow.ly,Genderqueer,Programmer Analyst IV,Marketing
988,Karl,Balffye,kbalffyerf@ask.com,Male,Senior Cost Accountant,Audio Typing
989,Perice,Gieraths,pgierathsrg@cdbaby.com,Male,Financial Analyst,SWIFT Payments
990,Humfrid,Harber,hharberrh@auda.org.au,Male,Health Coach I,JPOS
991,Eadith,Cooley,ecooleyri@irs.gov,Female,Senior Developer,MicroStation
992,Rubi,Bathoe,rbathoerj@desdev.cn,Female,Paralegal,Order Picking
993,Shurlocke,Windous,swindousrk@opensource.org,Male,Staff Accountant III,5 Why
994,Sondra,Mycroft,smycroftrl@live.com,Female,Food Chemist,RLM
995,Kinny,Crozier,kcrozierrm@bandcamp.com,Male,Geological Engineer,Zabbix
996,Rochette,Casterot,rcasterotrn@1und1.de,Female,Occupational Therapist,Fortran
997,Hobart,McArthur,hmcarthurro@google.nl,Genderfluid,Financial Analyst,Topographic Surveys
998,Timotheus,Hatt,thattrp@php.net,Male,Nuclear Power Engineer,Escrow
999,Ira,Camble,icamblerq@shutterfly.com,Male,Developer IV,NHibernate
1000,Shepperd,Herreran,sherreranrr@go.com,Male,Programmer I,Corporate Real Estate
